id.exposure,id.outcome,outcome,exposure,method,nsnp,b,se,pval,gene,pval.fdr,log.pval.fdr,chr,snp_pos_gmean,OR,CI_lower,CI_upper
10037_98_SIGLEC12,ieu-b-18,multiple sclerosis || id:ieu-b-18,10037_98_SIGLEC12,Inverse variance weighted,17,0.0281305,0.031105566,0.365806738,SIGLEC12,0.915766036,0.038215468,19,51481125.53,1.028529899,0.967696854,1.093187138
10070_22_PLCG2,ieu-b-18,multiple sclerosis || id:ieu-b-18,10070_22_PLCG2,Inverse variance weighted,4,-0.179093328,0.106341728,0.092156486,PLCG2,0.729061051,0.137236103,16,81860101.25,0.836027871,0.678735945,1.029771011
10088_37_APRT,ieu-b-18,multiple sclerosis || id:ieu-b-18,10088_37_APRT,Inverse variance weighted,4,-0.048560242,0.177852324,0.784824871,APRT,0.993478776,0.002841407,16,88834829.55,0.952599951,0.672232647,1.349899726
10346_5_STAT3,ieu-b-18,multiple sclerosis || id:ieu-b-18,10346_5_STAT3,Inverse variance weighted,2,-0.814480636,0.124338194,5.73E-11,STAT3,6.60E-08,7.180130954,17,42397727.03,0.442869278,0.347085721,0.565085757
10366_11_PDGFRA,ieu-b-18,multiple sclerosis || id:ieu-b-18,10366_11_PDGFRA,Inverse variance weighted,2,0.101170496,0.174084927,0.561135334,PDGFRA,0.977196122,0.010018265,4,54288565.01,1.106465273,0.786599574,1.556402319
10391_1_ANGPTL3,ieu-b-18,multiple sclerosis || id:ieu-b-18,10391_1_ANGPTL3,Inverse variance weighted,6,-0.111179078,0.075732058,0.142088381,ANGPTL3,0.769556868,0.113759282,1,62625653.36,0.894778499,0.771349337,1.037958451
10419_1_SCARA5,ieu-b-18,multiple sclerosis || id:ieu-b-18,10419_1_SCARA5,Inverse variance weighted,7,0.024696749,0.058075995,0.670655291,SCARA5,0.991777786,0.003585623,8,28021341.89,1.02500424,0.914724637,1.148579199
10440_26_CLMP,ieu-b-18,multiple sclerosis || id:ieu-b-18,10440_26_CLMP,Inverse variance weighted,2,-0.069665341,0.178896727,0.696968051,CLMP,0.993478776,0.002841407,11,123208479.5,0.932705906,0.656847813,1.324416842
10442_1_TMEM190,ieu-b-18,multiple sclerosis || id:ieu-b-18,10442_1_TMEM190,Inverse variance weighted,19,0.048413007,0.02745481,0.077837987,TMEM190,0.698584534,0.155781033,19,55394382.66,1.049604059,0.994616125,1.107632033
10445_20_APOM,ieu-b-18,multiple sclerosis || id:ieu-b-18,10445_20_APOM,Inverse variance weighted,7,-0.300176269,0.252459272,0.234436246,APOM,0.86119953,0.064896216,6,31679186.74,0.740687649,0.451582841,1.214878297
10451_11_NUCB1,ieu-b-18,multiple sclerosis || id:ieu-b-18,10451_11_NUCB1,Inverse variance weighted,4,0.187659528,0.224917517,0.404084792,NUCB1,0.940720759,0.026539272,19,48858065,1.206422692,0.776329057,1.874792266
10512_13_CSF2RB,ieu-b-18,multiple sclerosis || id:ieu-b-18,10512_13_CSF2RB,Inverse variance weighted,16,0.098765717,0.05329033,0.063831985,CSF2RB,0.652129767,0.185665976,22,36915986.29,1.103807666,0.994332789,1.225335599
10558_26_PCDH9,ieu-b-18,multiple sclerosis || id:ieu-b-18,10558_26_PCDH9,Inverse variance weighted,9,0.09350601,0.070120278,0.182364879,PCDH9,0.787982734,0.103483299,13,66760075.27,1.098017202,0.957021201,1.25978586
10565_19_SLITRK3,ieu-b-18,multiple sclerosis || id:ieu-b-18,10565_19_SLITRK3,Inverse variance weighted,3,-0.057988223,0.076535362,0.448651105,SLITRK3,0.964143158,0.015858476,3,165299680.7,0.943661061,0.812209042,1.096387941
10569_28_MFAP2,ieu-b-18,multiple sclerosis || id:ieu-b-18,10569_28_MFAP2,Inverse variance weighted,6,-0.014070696,0.053797263,0.793668089,MFAP2,0.993478776,0.002841407,1,16890179.04,0.986027834,0.887352179,1.095676455
10603_1_HTN3,ieu-b-18,multiple sclerosis || id:ieu-b-18,10603_1_HTN3,Inverse variance weighted,2,-0.051806826,0.229953922,0.821751962,HTN3,0.998431193,0.000681859,4,70153634.58,0.94951227,0.605006236,1.490188855
10605_22_APMAP,ieu-b-18,multiple sclerosis || id:ieu-b-18,10605_22_APMAP,Inverse variance weighted,3,-0.31529425,0.138408699,0.022726907,APMAP,0.443752488,0.352859198,20,24966139.99,0.729574165,0.556228944,0.956941325
10620_21_MSMB,ieu-b-18,multiple sclerosis || id:ieu-b-18,10620_21_MSMB,Inverse variance weighted,9,0.078593568,0.032110916,0.0143825,MSMB,0.352524259,0.452810992,10,45955660.98,1.081764569,1.015779373,1.152036174
10627_87_APLP2,ieu-b-18,multiple sclerosis || id:ieu-b-18,10627_87_APLP2,Inverse variance weighted,3,-0.165941858,0.081766744,0.042412055,APLP2,0.574808087,0.24047713,11,130083121.2,0.847095484,0.721657466,0.994337056
10630_5_HTATIP2,ieu-b-18,multiple sclerosis || id:ieu-b-18,10630_5_HTATIP2,Inverse variance weighted,17,-0.018939657,0.038429308,0.622122768,HTATIP2,0.977196122,0.010018265,11,20370059.58,0.981238572,0.910045117,1.058001539
10666_7_GNPTG,ieu-b-18,multiple sclerosis || id:ieu-b-18,10666_7_GNPTG,Inverse variance weighted,4,0.03051031,0.068198761,0.654605493,GNPTG,0.986475005,0.005913914,16,1288326.085,1.03098052,0.901983311,1.178426273
10672_75_SFTPB,ieu-b-18,multiple sclerosis || id:ieu-b-18,10672_75_SFTPB,Inverse variance weighted,9,-0.045843397,0.051246857,0.371022255,SFTPB,0.920337668,0.036052802,2,85519766.66,0.955191536,0.86390952,1.056118551
10754_113_PROK2,ieu-b-18,multiple sclerosis || id:ieu-b-18,10754_113_PROK2,Inverse variance weighted,16,0.035937213,0.039472042,0.362586676,PROK2,0.91472166,0.038711037,3,71781346.05,1.03659076,0.959418421,1.119970579
10800_15_SERPINH1,ieu-b-18,multiple sclerosis || id:ieu-b-18,10800_15_SERPINH1,Inverse variance weighted,3,-0.209768468,0.133344782,0.115689083,SERPINH1,0.758928934,0.119798889,11,75541892.83,0.810771944,0.624300009,1.05294111
10809_14_KLRB1,ieu-b-18,multiple sclerosis || id:ieu-b-18,10809_14_KLRB1,Inverse variance weighted,2,-0.348195576,0.08852565,8.38E-05,KLRB1,0.012066749,1.918409728,12,9427892.841,0.705960794,0.59350725,0.839721238
11142_11_ANGPTL1,ieu-b-18,multiple sclerosis || id:ieu-b-18,11142_11_ANGPTL1,Inverse variance weighted,7,-0.012456612,0.067439892,0.853458947,ANGPTL1,0.998431193,0.000681859,1,178803934.9,0.98762065,0.865334794,1.127187483
11145_72_KIAA1549L,ieu-b-18,multiple sclerosis || id:ieu-b-18,11145_72_KIAA1549L,Inverse variance weighted,10,0.020457962,0.047886431,0.669220291,KIAA1549L,0.991777786,0.003585623,11,33539573.38,1.020668661,0.929229582,1.121105629
11152_46_KLK13,ieu-b-18,multiple sclerosis || id:ieu-b-18,11152_46_KLK13,Inverse variance weighted,14,-0.024134909,0.036905575,0.513135143,KLK13,0.977196122,0.010018265,19,51050812.21,0.976154008,0.908037286,1.04938053
11177_16_KRT5,ieu-b-18,multiple sclerosis || id:ieu-b-18,11177_16_KRT5,Inverse variance weighted,3,-0.085321211,0.117256795,0.4668315,KRT5,0.967772715,0.014226627,12,52410378.26,0.918217295,0.729683405,1.155464131
11178_21_SVEP1,ieu-b-18,multiple sclerosis || id:ieu-b-18,11178_21_SVEP1,Inverse variance weighted,14,0.003842432,0.061665519,0.95031527,SVEP1,0.998431193,0.000681859,9,110459924.1,1.003849824,0.889565636,1.132816319
11187_11_CLEC12A,ieu-b-18,multiple sclerosis || id:ieu-b-18,11187_11_CLEC12A,Inverse variance weighted,15,0.000590239,0.025098137,0.981237681,CLEC12A,0.998431193,0.000681859,12,9988865.276,1.000590413,0.952560069,1.051042562
11196_31_COL6A3,ieu-b-18,multiple sclerosis || id:ieu-b-18,11196_31_COL6A3,Inverse variance weighted,2,-0.005187348,0.226993439,0.981767999,COL6A3,0.998431193,0.000681859,2,237356670.9,0.994826083,0.637567906,1.552272199
11208_15_NAGPA,ieu-b-18,multiple sclerosis || id:ieu-b-18,11208_15_NAGPA,Inverse variance weighted,10,-0.004782855,0.039354838,0.903270008,NAGPA,0.998431193,0.000681859,16,5075922.794,0.995228564,0.921347195,1.075034364
11211_7_TBCE,ieu-b-18,multiple sclerosis || id:ieu-b-18,11211_7_TBCE,Inverse variance weighted,2,-0.22898262,0.160966288,0.154866598,TBCE,0.770087598,0.113459871,1,235239658.4,0.795342357,0.580145385,1.090363693
11212_7_TXNDC5,ieu-b-18,multiple sclerosis || id:ieu-b-18,11212_7_TXNDC5,Inverse variance weighted,4,-0.035061047,0.173203806,0.839583282,TXNDC5,0.998431193,0.000681859,6,7858170.069,0.965546471,0.687605156,1.355836236
11219_95_FGFBP3,ieu-b-18,multiple sclerosis || id:ieu-b-18,11219_95_FGFBP3,Inverse variance weighted,2,-0.206409765,0.059643649,0.00053874,FGFBP3,0.041375203,1.383259862,10,91808919.51,0.813499664,0.723748505,0.914380754
11241_8_ASL,ieu-b-18,multiple sclerosis || id:ieu-b-18,11241_8_ASL,Inverse variance weighted,2,-0.084013128,0.145483377,0.563618089,ASL,0.977196122,0.010018265,7,65935885.01,0.919419186,0.691314413,1.222788971
11248_43_UROS,ieu-b-18,multiple sclerosis || id:ieu-b-18,11248_43_UROS,Inverse variance weighted,5,-0.147183859,0.104670228,0.159674433,UROS,0.770087598,0.113459871,10,125872409,0.863135268,0.703042801,1.059682981
11257_1_QDPR,ieu-b-18,multiple sclerosis || id:ieu-b-18,11257_1_QDPR,Inverse variance weighted,4,0.020665843,0.060590271,0.733046917,QDPR,0.993478776,0.002841407,4,17537105.81,1.02088086,0.906566323,1.149610022
11266_8_SELPLG,ieu-b-18,multiple sclerosis || id:ieu-b-18,11266_8_SELPLG,Inverse variance weighted,4,-0.090590817,0.080713416,0.261702521,SELPLG,0.886168581,0.052483652,12,108590062.9,0.913391379,0.779744394,1.06994525
11273_176_GSTT2B,ieu-b-18,multiple sclerosis || id:ieu-b-18,11273_176_GSTT2B,Inverse variance weighted,6,-0.058931449,0.116836915,0.613986874,GSTT2B,0.977196122,0.010018265,22,23909678.08,0.942771394,0.749812726,1.185386526
11278_4_COL11A2,ieu-b-18,multiple sclerosis || id:ieu-b-18,11278_4_COL11A2,Inverse variance weighted,6,-0.143711579,0.123730798,0.245444347,COL11A2,0.875392843,0.057797008,6,33272238.52,0.866137524,0.679618313,1.103846374
11288_26_NT5C2,ieu-b-18,multiple sclerosis || id:ieu-b-18,11288_26_NT5C2,Inverse variance weighted,2,0.128468529,0.129755682,0.322134931,NT5C2,0.902817555,0.044400005,10,103378512.9,1.137085636,0.881744799,1.466369571
11302_237_TNR,ieu-b-18,multiple sclerosis || id:ieu-b-18,11302_237_TNR,Inverse variance weighted,2,-0.19319606,0.125583821,0.12395491,TNR,0.769556868,0.113759282,1,175597817.5,0.824320342,0.6444614,1.054375058
11308_8_CREB3L4,ieu-b-18,multiple sclerosis || id:ieu-b-18,11308_8_CREB3L4,Inverse variance weighted,2,0.089626792,0.155994702,0.565595521,CREB3L4,0.977196122,0.010018265,1,154016987.2,1.093766005,0.805636345,1.484943028
11313_100_PCBD1,ieu-b-18,multiple sclerosis || id:ieu-b-18,11313_100_PCBD1,Inverse variance weighted,3,0.079522793,0.115918982,0.492700211,PCBD1,0.973425835,0.011697132,10,70692059.35,1.082770238,0.862708507,1.358965838
11333_82_ARHGAP25,ieu-b-18,multiple sclerosis || id:ieu-b-18,11333_82_ARHGAP25,Inverse variance weighted,2,0.004142229,0.103046158,0.967935432,ARHGAP25,0.998431193,0.000681859,2,68859394.32,1.00415082,0.820510772,1.228891689
11347_9_TALDO1,ieu-b-18,multiple sclerosis || id:ieu-b-18,11347_9_TALDO1,Inverse variance weighted,2,0.46676446,0.43436001,0.282552621,TALDO1,0.889636358,0.050787476,11,573282.6709,1.594825714,0.680735696,3.73635329
11369_23_ADH5,ieu-b-18,multiple sclerosis || id:ieu-b-18,11369_23_ADH5,Inverse variance weighted,4,0.115507354,0.104506024,0.269042691,ADH5,0.886690676,0.052227858,4,99195925.17,1.122442769,0.914548798,1.377594911
11377_19_ADH7,ieu-b-18,multiple sclerosis || id:ieu-b-18,11377_19_ADH7,Inverse variance weighted,5,0.016309602,0.0580291,0.778665135,ADH7,0.993478776,0.002841407,4,99463034.36,1.016443329,0.907168169,1.138881496
11378_37_SYK,ieu-b-18,multiple sclerosis || id:ieu-b-18,11378_37_SYK,Inverse variance weighted,2,0.056510911,0.16388819,0.730234352,SYK,0.993478776,0.002841407,9,90835971.16,1.05813816,0.767428516,1.458971541
11387_3_ATF6B,ieu-b-18,multiple sclerosis || id:ieu-b-18,11387_3_ATF6B,Inverse variance weighted,3,-1.330962571,2.698053314,0.621797258,ATF6B,0.977196122,0.010018265,6,32292681.85,0.264222806,0.001334569,52.31179781
11388_75_WFDC2,ieu-b-18,multiple sclerosis || id:ieu-b-18,11388_75_WFDC2,Inverse variance weighted,2,-0.005296406,0.211084601,0.979982069,WFDC2,0.998431193,0.000681859,20,45483445.45,0.994717596,0.657689579,1.504453052
11390_24_CA8,ieu-b-18,multiple sclerosis || id:ieu-b-18,11390_24_CA8,Inverse variance weighted,7,-0.018119459,0.047397386,0.702247654,CA8,0.993478776,0.002841407,8,60249304.61,0.982043712,0.89492234,1.077646416
11424_4_FAH,ieu-b-18,multiple sclerosis || id:ieu-b-18,11424_4_FAH,Inverse variance weighted,9,-0.004723229,0.126748599,0.970274072,FAH,0.998431193,0.000681859,15,80198566.7,0.995287908,0.776351046,1.275966619
11431_235_RECQL,ieu-b-18,multiple sclerosis || id:ieu-b-18,11431_235_RECQL,Inverse variance weighted,4,-0.017732832,0.06678992,0.790623056,RECQL,0.993478776,0.002841407,12,21460962.96,0.982423469,0.861878409,1.119828345
11441_11_PYGL,ieu-b-18,multiple sclerosis || id:ieu-b-18,11441_11_PYGL,Inverse variance weighted,2,-0.080755603,0.142907702,0.572013074,PYGL,0.977196122,0.010018265,14,50898856.57,0.9224191,0.697080278,1.220601161
11510_31_APOL1,ieu-b-18,multiple sclerosis || id:ieu-b-18,11510_31_APOL1,Inverse variance weighted,9,0.028652003,0.047736696,0.548366845,APOL1,0.977196122,0.010018265,22,36297693.6,1.02906642,0.937150002,1.129998072
11514_196_CD59,ieu-b-18,multiple sclerosis || id:ieu-b-18,11514_196_CD59,Inverse variance weighted,4,-0.292970155,0.086935391,0.000751748,CD59,0.048111878,1.317747695,11,33828815.5,0.746044406,0.629163877,0.884637972
11530_37_HMBS,ieu-b-18,multiple sclerosis || id:ieu-b-18,11530_37_HMBS,Inverse variance weighted,2,-0.421418585,0.564657253,0.455470299,HMBS,0.964143158,0.015858476,11,119060832.7,0.656115404,0.216937323,1.984386167
11531_24_C10orf54,ieu-b-18,multiple sclerosis || id:ieu-b-18,11531_24_C10orf54,Inverse variance weighted,8,-0.058918017,0.055521795,0.288613029,C10orf54,0.890498002,0.05036705,10,71825900.45,0.942784058,0.845573034,1.051170916
11568_2_FKBP1B,ieu-b-18,multiple sclerosis || id:ieu-b-18,11568_2_FKBP1B,Inverse variance weighted,5,-0.071022141,0.06936821,0.305909539,FKBP1B,0.902817555,0.044400005,2,24078299.61,0.931441269,0.813032795,1.067094517
11646_4_CHST9,ieu-b-18,multiple sclerosis || id:ieu-b-18,11646_4_CHST9,Inverse variance weighted,7,-0.003556604,0.059933135,0.952679021,CHST9,0.998431193,0.000681859,18,27185330.31,0.996449713,0.886011324,1.120653884
11649_3_SMAP1,ieu-b-18,multiple sclerosis || id:ieu-b-18,11649_3_SMAP1,Inverse variance weighted,5,-0.059376402,0.047750313,0.213692212,SMAP1,0.835617716,0.077992361,6,70689610.56,0.942351999,0.858158028,1.034806249
11656_110_EVL,ieu-b-18,multiple sclerosis || id:ieu-b-18,11656_110_EVL,Inverse variance weighted,2,0.286881165,0.199819413,0.151087108,EVL,0.770087598,0.113459871,14,100080086.3,1.332265885,0.900536227,1.970972776
11696_7_CRABP2,ieu-b-18,multiple sclerosis || id:ieu-b-18,11696_7_CRABP2,Inverse variance weighted,6,0.076497754,0.054448501,0.160034335,CRABP2,0.770087598,0.113459871,1,156753571.3,1.079499765,0.970230789,1.201074792
12016_60_CBL,ieu-b-18,multiple sclerosis || id:ieu-b-18,12016_60_CBL,Inverse variance weighted,2,0.069624738,0.119498526,0.560135013,CBL,0.977196122,0.010018265,11,119162080.8,1.072105786,0.848239399,1.355054737
12041_33_HSPA1L,ieu-b-18,multiple sclerosis || id:ieu-b-18,12041_33_HSPA1L,Inverse variance weighted,4,-0.732801399,0.207278175,0.000407232,HSPA1L,0.039657684,1.401672651,6,31905268.13,0.48056086,0.320117673,0.721418276
12333_87_RPIA,ieu-b-18,multiple sclerosis || id:ieu-b-18,12333_87_RPIA,Inverse variance weighted,2,-0.014267614,0.114148954,0.900530523,RPIA,0.998431193,0.000681859,2,88797250.73,0.985833686,0.788203034,1.233017401
12338_27_EGFLAM,ieu-b-18,multiple sclerosis || id:ieu-b-18,12338_27_EGFLAM,Inverse variance weighted,3,-0.018418565,0.089304955,0.836600722,EGFLAM,0.998431193,0.000681859,5,38384719.94,0.98175002,0.824105868,1.169550102
12370_30_APOF,ieu-b-18,multiple sclerosis || id:ieu-b-18,12370_30_APOF,Inverse variance weighted,2,0.123985538,0.111637828,0.26673838,APOF,0.886168581,0.052483652,12,56426037.02,1.131999499,0.909532448,1.408880871
12378_71_TAPBP,ieu-b-18,multiple sclerosis || id:ieu-b-18,12378_71_TAPBP,Inverse variance weighted,8,0.111996274,0.170963158,0.512409737,TAPBP,0.977196122,0.010018265,6,33223184.4,1.118508694,0.80004163,1.563745748
12381_26_CBR1,ieu-b-18,multiple sclerosis || id:ieu-b-18,12381_26_CBR1,Inverse variance weighted,5,0.032155712,0.090879889,0.72346892,CBR1,0.993478776,0.002841407,21,36001266.41,1.032678293,0.864184605,1.234023901
12382_2_DDX58,ieu-b-18,multiple sclerosis || id:ieu-b-18,12382_2_DDX58,Inverse variance weighted,4,-0.007228852,0.092171443,0.937487338,DDX58,0.998431193,0.000681859,9,32532092.96,0.992797213,0.828710102,1.189374068
12386_11_RNPEP,ieu-b-18,multiple sclerosis || id:ieu-b-18,12386_11_RNPEP,Inverse variance weighted,9,-0.014697374,0.056117678,0.793396423,RNPEP,0.993478776,0.002841407,1,201922671.8,0.985410105,0.882772264,1.099981405
12396_19_HIBCH,ieu-b-18,multiple sclerosis || id:ieu-b-18,12396_19_HIBCH,Inverse variance weighted,4,0.028266357,0.054971586,0.607112584,HIBCH,0.977196122,0.010018265,2,190381007.7,1.028669641,0.923598383,1.145694114
12401_3_STAMBPL1,ieu-b-18,multiple sclerosis || id:ieu-b-18,12401_3_STAMBPL1,Inverse variance weighted,2,0.095281702,0.13567884,0.482517583,STAMBPL1,0.973425835,0.011697132,10,88782381.72,1.099968675,0.843117605,1.43506799
12408_333_RAB22A,ieu-b-18,multiple sclerosis || id:ieu-b-18,12408_333_RAB22A,Inverse variance weighted,2,-0.271432128,0.215954049,0.208790713,RAB22A,0.828248534,0.081839324,20,58396786.5,0.76228702,0.499223163,1.163971433
12436_84_GSTO1,ieu-b-18,multiple sclerosis || id:ieu-b-18,12436_84_GSTO1,Inverse variance weighted,8,-0.043255742,0.038941079,0.266654535,GSTO1,0.886168581,0.052483652,10,104302660.2,0.957666443,0.887292794,1.033621621
12459_13_PLEKHA1,ieu-b-18,multiple sclerosis || id:ieu-b-18,12459_13_PLEKHA1,Inverse variance weighted,5,-0.143472455,0.104137313,0.168288579,PLEKHA1,0.773278821,0.111663884,10,122349668.1,0.866344663,0.706394378,1.06251281
12475_48_CLIC5,ieu-b-18,multiple sclerosis || id:ieu-b-18,12475_48_CLIC5,Inverse variance weighted,8,-0.28811778,0.105385147,0.006257945,CLIC5,0.212033887,0.673594725,6,45948893.77,0.749673291,0.609770472,0.921674743
12494_99_GABARAPL2,ieu-b-18,multiple sclerosis || id:ieu-b-18,12494_99_GABARAPL2,Inverse variance weighted,2,-0.003695541,0.261452176,0.988722538,GABARAPL2,0.998431193,0.000681859,16,75527608.28,0.996311279,0.596818755,1.663212085
12517_52_PDCD5,ieu-b-18,multiple sclerosis || id:ieu-b-18,12517_52_PDCD5,Inverse variance weighted,7,0.046354863,0.068000463,0.495438456,PDCD5,0.973425835,0.011697132,19,32615936.78,1.047446045,0.916744891,1.196781381
12524_18_SAT2,ieu-b-18,multiple sclerosis || id:ieu-b-18,12524_18_SAT2,Inverse variance weighted,7,-0.137363692,0.071574641,0.054963195,SAT2,0.632894017,0.19866901,17,7589830.298,0.871653155,0.757561931,1.002926878
12549_33_HPGDS,ieu-b-18,multiple sclerosis || id:ieu-b-18,12549_33_HPGDS,Inverse variance weighted,7,-0.025742946,0.040712616,0.527185106,HPGDS,0.977196122,0.010018265,4,94332756.58,0.974585578,0.899838772,1.05554137
12558_3_UBASH3B,ieu-b-18,multiple sclerosis || id:ieu-b-18,12558_3_UBASH3B,Inverse variance weighted,2,-0.461732181,0.131439117,0.000443248,UBASH3B,0.039657684,1.401672651,11,122728948.5,0.630191094,0.48706736,0.815371442
12560_9_NT5C,ieu-b-18,multiple sclerosis || id:ieu-b-18,12560_9_NT5C,Inverse variance weighted,3,-0.068446465,0.118731427,0.564289806,NT5C,0.977196122,0.010018265,17,75148985.93,0.933843452,0.739959323,1.178529096
12563_2_TNFAIP8,ieu-b-18,multiple sclerosis || id:ieu-b-18,12563_2_TNFAIP8,Inverse variance weighted,4,0.075572539,0.089700483,0.399508875,TNFAIP8,0.940720759,0.026539272,5,119277901.1,1.078501458,0.904619915,1.285805647
12571_14_ARL3,ieu-b-18,multiple sclerosis || id:ieu-b-18,12571_14_ARL3,Inverse variance weighted,2,-0.048118178,0.10121529,0.634498871,ARL3,0.977196122,0.010018265,10,102872298.8,0.953021154,0.781531247,1.162140763
12573_80_TRIM3,ieu-b-18,multiple sclerosis || id:ieu-b-18,12573_80_TRIM3,Inverse variance weighted,2,-0.071800484,0.139389185,0.606477556,TRIM3,0.977196122,0.010018265,11,6427327.105,0.93071657,0.708218026,1.223116756
12575_30_MTHFD1,ieu-b-18,multiple sclerosis || id:ieu-b-18,12575_30_MTHFD1,Inverse variance weighted,2,-0.067341928,0.416713691,0.871618977,MTHFD1,0.998431193,0.000681859,14,64547165.21,0.934875487,0.413085469,2.115765967
12594_5_GCA,ieu-b-18,multiple sclerosis || id:ieu-b-18,12594_5_GCA,Inverse variance weighted,2,-0.055569715,0.080221116,0.488493552,GCA,0.973425835,0.011697132,2,162402991.2,0.945946075,0.808315276,1.107011091
12612_37_PSMB1,ieu-b-18,multiple sclerosis || id:ieu-b-18,12612_37_PSMB1,Inverse variance weighted,3,0.029215854,0.088778921,0.742091081,PSMB1,0.993478776,0.002841407,6,170327202.8,1.029646824,0.865203247,1.225345126
12635_9_TRDMT1,ieu-b-18,multiple sclerosis || id:ieu-b-18,12635_9_TRDMT1,Inverse variance weighted,9,0.000711806,0.050791038,0.988818499,TRDMT1,0.998431193,0.000681859,10,17122340.41,1.000712059,0.905888881,1.105460776
12641_3_INPP5B,ieu-b-18,multiple sclerosis || id:ieu-b-18,12641_3_INPP5B,Inverse variance weighted,3,0.044695262,0.090517017,0.62146336,INPP5B,0.977196122,0.010018265,1,37789670.25,1.045709144,0.875711928,1.248706998
12662_82_ECH1,ieu-b-18,multiple sclerosis || id:ieu-b-18,12662_82_ECH1,Inverse variance weighted,2,-0.041995098,0.166042208,0.800331416,ECH1,0.994202846,0.002524998,19,38885051.79,0.958874481,0.692506382,1.327699345
12682_5_CCBL2,ieu-b-18,multiple sclerosis || id:ieu-b-18,12682_5_CCBL2,Inverse variance weighted,2,-0.027544632,0.054345675,0.61226618,CCBL2,0.977196122,0.010018265,1,88974066.33,0.972831262,0.874535707,1.082174984
12685_57_HOMER2,ieu-b-18,multiple sclerosis || id:ieu-b-18,12685_57_HOMER2,Inverse variance weighted,2,0.018567024,0.188439203,0.921510991,HOMER2,0.998431193,0.000681859,15,82852677.48,1.018740463,0.704143003,1.473893976
12686_15_MPST,ieu-b-18,multiple sclerosis || id:ieu-b-18,12686_15_MPST,Inverse variance weighted,2,0.157409663,0.253468981,0.534585538,MPST,0.977196122,0.010018265,22,37123590.55,1.170475016,0.712204964,1.923620072
12687_2_DECR1,ieu-b-18,multiple sclerosis || id:ieu-b-18,12687_2_DECR1,Inverse variance weighted,2,-0.003343548,0.24106174,0.988933624,DECR1,0.998431193,0.000681859,8,90129518.62,0.996662035,0.621372487,1.598614733
12714_38_AP1G2,ieu-b-18,multiple sclerosis || id:ieu-b-18,12714_38_AP1G2,Inverse variance weighted,3,0.085452012,0.134466334,0.525108882,AP1G2,0.977196122,0.010018265,14,23525094.93,1.089209291,0.836857057,1.417657734
12727_7_PTGFRN,ieu-b-18,multiple sclerosis || id:ieu-b-18,12727_7_PTGFRN,Inverse variance weighted,11,0.030575903,0.035646782,0.391032457,PTGFRN,0.94043714,0.026670228,1,116893453.6,1.031048147,0.96147012,1.105661277
12731_12_PLEKHA7,ieu-b-18,multiple sclerosis || id:ieu-b-18,12731_12_PLEKHA7,Inverse variance weighted,5,0.007383147,0.052179283,0.887478311,PLEKHA7,0.998431193,0.000681859,11,16912231.94,1.00741047,0.909474565,1.11589251
12764_3_ELMO1,ieu-b-18,multiple sclerosis || id:ieu-b-18,12764_3_ELMO1,Inverse variance weighted,3,-0.300152928,0.42244024,0.477380722,ELMO1,0.973425835,0.011697132,7,37393602.42,0.740704937,0.323636017,1.695249526
12786_61_GPCPD1,ieu-b-18,multiple sclerosis || id:ieu-b-18,12786_61_GPCPD1,Inverse variance weighted,2,-0.19762106,0.172135128,0.250944741,GPCPD1,0.882405861,0.054331616,20,5645255.381,0.820680783,0.585665829,1.150002124
12812_25_ACYP2,ieu-b-18,multiple sclerosis || id:ieu-b-18,12812_25_ACYP2,Inverse variance weighted,2,-0.109126975,0.1257716,0.385580539,ACYP2,0.94043714,0.026670228,2,54174483.87,0.896616563,0.700725319,1.147270176
12831_21_TESC,ieu-b-18,multiple sclerosis || id:ieu-b-18,12831_21_TESC,Inverse variance weighted,11,0.066773264,0.045286832,0.140359912,TESC,0.769556868,0.113759282,12,117043897.6,1.069053058,0.978251067,1.168283357
12859_33_ECI2,ieu-b-18,multiple sclerosis || id:ieu-b-18,12859_33_ECI2,Inverse variance weighted,7,0.039278231,0.052912093,0.457887457,ECI2,0.964143158,0.015858476,6,4116382.75,1.04005982,0.937602239,1.153713574
12893_159_IFI16,ieu-b-18,multiple sclerosis || id:ieu-b-18,12893_159_IFI16,Inverse variance weighted,2,-0.654962556,0.315825944,0.038097091,IFI16,0.549483956,0.260044984,1,159012757.4,0.519461513,0.27971574,0.964694598
13059_33_RFK,ieu-b-18,multiple sclerosis || id:ieu-b-18,13059_33_RFK,Inverse variance weighted,4,-0.230118997,0.11874465,0.052631582,RFK,0.618689612,0.208527176,9,76626218.46,0.794439061,0.629481691,1.002623954
13083_18_VARS,ieu-b-18,multiple sclerosis || id:ieu-b-18,13083_18_VARS,Inverse variance weighted,4,-1.053332109,0.721217913,0.144155241,VARS,0.769556868,0.113759282,6,31946825.74,0.348773659,0.084845848,1.433694961
13088_397_BTC,ieu-b-18,multiple sclerosis || id:ieu-b-18,13088_397_BTC,Inverse variance weighted,5,0.138072969,0.082537881,0.094358082,BTC,0.729061051,0.137236103,4,74723642.71,1.148059321,0.976577392,1.349652587
13090_17_S100A6,ieu-b-18,multiple sclerosis || id:ieu-b-18,13090_17_S100A6,Inverse variance weighted,2,0.049354785,0.189594541,0.794618843,S100A6,0.993478776,0.002841407,1,153540051.1,1.050593019,0.724516665,1.52342347
13093_6_SECTM1,ieu-b-18,multiple sclerosis || id:ieu-b-18,13093_6_SECTM1,Inverse variance weighted,2,-0.08599316,0.091423007,0.346906071,SECTM1,0.91472166,0.038711037,17,82495632.38,0.917600507,0.767066136,1.097676786
13094_75_RSPO3,ieu-b-18,multiple sclerosis || id:ieu-b-18,13094_75_RSPO3,Inverse variance weighted,4,0.062381955,0.106398414,0.557670361,RSPO3,0.977196122,0.010018265,6,127136577.9,1.064368808,0.864020369,1.311173904
13095_51_REG1A,ieu-b-18,multiple sclerosis || id:ieu-b-18,13095_51_REG1A,Inverse variance weighted,5,-0.00835262,0.094406031,0.929498759,REG1A,0.998431193,0.000681859,2,79182223.3,0.991682166,0.824161773,1.193253011
13102_1_FAM3D,ieu-b-18,multiple sclerosis || id:ieu-b-18,13102_1_FAM3D,Inverse variance weighted,2,-0.013668375,0.057299083,0.811458887,FAM3D,0.998431193,0.000681859,3,58646887.83,0.986424613,0.88163726,1.10366651
13107_9_LYPD3,ieu-b-18,multiple sclerosis || id:ieu-b-18,13107_9_LYPD3,Inverse variance weighted,2,-0.144655376,0.160173996,0.366465401,LYPD3,0.915766036,0.038215468,19,43467732.28,0.865320452,0.632170333,1.184458438
13109_82_NEGR1,ieu-b-18,multiple sclerosis || id:ieu-b-18,13109_82_NEGR1,Inverse variance weighted,3,-0.068039008,0.107497072,0.526773975,NEGR1,0.977196122,0.010018265,1,71697390.12,0.934224031,0.756741723,1.153332126
13112_179_FSTL1,ieu-b-18,multiple sclerosis || id:ieu-b-18,13112_179_FSTL1,Inverse variance weighted,2,-0.011341054,0.112436105,0.919656313,FSTL1,0.998431193,0.000681859,3,120433984.4,0.988723013,0.793171495,1.232486547
13113_7_SPP1,ieu-b-18,multiple sclerosis || id:ieu-b-18,13113_7_SPP1,Inverse variance weighted,4,-0.113081325,0.220558302,0.608157751,SPP1,0.977196122,0.010018265,4,87953468.95,0.893078027,0.579624038,1.376044317
13114_50_LUM,ieu-b-18,multiple sclerosis || id:ieu-b-18,13114_50_LUM,Inverse variance weighted,3,-0.092091626,0.110656578,0.405279633,LUM,0.940720759,0.026539272,12,91106088.38,0.912021581,0.734196541,1.132916484
13116_25_CD177,ieu-b-18,multiple sclerosis || id:ieu-b-18,13116_25_CD177,Inverse variance weighted,9,-0.004497628,0.032968757,0.891488535,CD177,0.998431193,0.000681859,19,43396821.41,0.995512471,0.933218054,1.061965181
13118_5_SMOC1,ieu-b-18,multiple sclerosis || id:ieu-b-18,13118_5_SMOC1,Inverse variance weighted,3,0.03291429,0.111761738,0.768372733,SMOC1,0.993478776,0.002841407,14,70002296.2,1.033461957,0.83015843,1.286553962
13119_26_SERPINA10,ieu-b-18,multiple sclerosis || id:ieu-b-18,13119_26_SERPINA10,Inverse variance weighted,17,-0.019008973,0.029978724,0.526027233,SERPINA10,0.977196122,0.010018265,14,94279955.46,0.981170558,0.925179717,1.040549903
13122_19_FLRT2,ieu-b-18,multiple sclerosis || id:ieu-b-18,13122_19_FLRT2,Inverse variance weighted,9,0.067638568,0.053073256,0.202508272,FLRT2,0.824344627,0.083891188,14,85457072.82,1.069978514,0.964268966,1.187276643
13123_3_FLRT3,ieu-b-18,multiple sclerosis || id:ieu-b-18,13123_3_FLRT3,Inverse variance weighted,8,0.030087616,0.033121444,0.363665382,FLRT3,0.91472166,0.038711037,20,14370369.38,1.030544822,0.965769184,1.099665064
13124_20_ISLR2,ieu-b-18,multiple sclerosis || id:ieu-b-18,13124_20_ISLR2,Inverse variance weighted,9,0.043806287,0.074940244,0.558850627,ISLR2,0.977196122,0.010018265,15,74126420.55,1.044779948,0.902057881,1.210083259
13125_45_VTN,ieu-b-18,multiple sclerosis || id:ieu-b-18,13125_45_VTN,Inverse variance weighted,9,-0.014312222,0.023073362,0.535065558,VTN,0.977196122,0.010018265,17,28326492.28,0.985789711,0.942201604,1.031394291
13126_52_DSC2,ieu-b-18,multiple sclerosis || id:ieu-b-18,13126_52_DSC2,Inverse variance weighted,3,0.026610563,0.097886057,0.785735484,DSC2,0.993478776,0.002841407,18,31138556.79,1.026967786,0.847685056,1.24416825
13130_150_HK2,ieu-b-18,multiple sclerosis || id:ieu-b-18,13130_150_HK2,Inverse variance weighted,2,0.244534601,0.195420949,0.210816895,HK2,0.828877348,0.081509729,2,74864251,1.277026848,0.870671558,1.87303416
13132_14_SEMA5A,ieu-b-18,multiple sclerosis || id:ieu-b-18,13132_14_SEMA5A,Inverse variance weighted,25,-0.024340424,0.021828587,0.264820006,SEMA5A,0.886168581,0.052483652,5,9426919.391,0.975953416,0.93507882,1.01861474
13242_134_SHANK3,ieu-b-18,multiple sclerosis || id:ieu-b-18,13242_134_SHANK3,Inverse variance weighted,7,0.119175226,0.071719945,0.096577994,SHANK3,0.729061051,0.137236103,22,50556238.25,1.126567305,0.978831402,1.296601121
13381_49_B4GALT1,ieu-b-18,multiple sclerosis || id:ieu-b-18,13381_49_B4GALT1,Inverse variance weighted,2,0.088056289,0.086194406,0.3069698,B4GALT1,0.902817555,0.044400005,9,33230690.87,1.092049591,0.922299983,1.293041668
13388_57_PCSK1,ieu-b-18,multiple sclerosis || id:ieu-b-18,13388_57_PCSK1,Inverse variance weighted,13,0.11285063,0.046790122,0.015871926,PCSK1,0.371943062,0.429523537,5,96476688.35,1.119464706,1.021367067,1.226984176
13405_61_SPINK2,ieu-b-18,multiple sclerosis || id:ieu-b-18,13405_61_SPINK2,Inverse variance weighted,9,0.023849553,0.071814929,0.739815694,SPINK2,0.993478776,0.002841407,4,56849541.84,1.024136228,0.889667299,1.178929488
13416_8_TMEM132D,ieu-b-18,multiple sclerosis || id:ieu-b-18,13416_8_TMEM132D,Inverse variance weighted,19,0.048994902,0.043555265,0.260635449,TMEM132D,0.886168581,0.052483652,12,129599037.9,1.050214997,0.964280148,1.143808199
13427_66_MAN1C1,ieu-b-18,multiple sclerosis || id:ieu-b-18,13427_66_MAN1C1,Inverse variance weighted,3,-0.092141915,0.193454627,0.633862595,MAN1C1,0.977196122,0.010018265,1,25621644.02,0.911975718,0.624182189,1.332463059
13434_172_PARVA,ieu-b-18,multiple sclerosis || id:ieu-b-18,13434_172_PARVA,Inverse variance weighted,2,0.28951726,0.17523794,0.098506421,PARVA,0.729061051,0.137236103,11,12199593.74,1.335782497,0.947480331,1.883221025
13463_1_PXDN,ieu-b-18,multiple sclerosis || id:ieu-b-18,13463_1_PXDN,Inverse variance weighted,4,0.001385796,0.125083147,0.991160416,PXDN,0.998431193,0.000681859,2,1700205.795,1.001386757,0.783662236,1.279601582
13472_35_HDHD2,ieu-b-18,multiple sclerosis || id:ieu-b-18,13472_35_HDHD2,Inverse variance weighted,3,0.079594418,0.087436654,0.362659307,HDHD2,0.91472166,0.038711037,18,47101763.38,1.082847795,0.912304535,1.28527186
13519_112_ARHGEF25,ieu-b-18,multiple sclerosis || id:ieu-b-18,13519_112_ARHGEF25,Inverse variance weighted,2,0.289167273,0.272018347,0.287762329,ARHGEF25,0.890498002,0.05036705,12,57832199.03,1.335315072,0.783496498,2.275780869
13552_7_SWAP70,ieu-b-18,multiple sclerosis || id:ieu-b-18,13552_7_SWAP70,Inverse variance weighted,5,0.045619793,0.042519557,0.283310075,SWAP70,0.889636358,0.050787476,11,9686142.259,1.046676381,0.962983945,1.137642484
13590_1_REXO2,ieu-b-18,multiple sclerosis || id:ieu-b-18,13590_1_REXO2,Inverse variance weighted,2,-0.088544432,0.131845867,0.501854086,REXO2,0.974934076,0.01102475,11,114467142.3,0.915262443,0.706831953,1.185154881
13597_20_RAB31,ieu-b-18,multiple sclerosis || id:ieu-b-18,13597_20_RAB31,Inverse variance weighted,2,0.241546691,0.145372611,0.09659913,RAB31,0.729061051,0.137236103,18,9644083.383,1.273216901,0.957543981,1.692957514
13622_16_PPP2R5A,ieu-b-18,multiple sclerosis || id:ieu-b-18,13622_16_PPP2R5A,Inverse variance weighted,2,-0.100317448,0.269669715,0.709891981,PPP2R5A,0.993478776,0.002841407,1,212291303.6,0.904550224,0.533193922,1.534546952
13632_10_ZYX,ieu-b-18,multiple sclerosis || id:ieu-b-18,13632_10_ZYX,Inverse variance weighted,2,-0.11086281,0.197202033,0.573994177,ZYX,0.977196122,0.010018265,7,143438151.6,0.895061534,0.608122587,1.317390879
13666_222_CA10,ieu-b-18,multiple sclerosis || id:ieu-b-18,13666_222_CA10,Inverse variance weighted,5,-0.074192549,0.085654588,0.386389809,CA10,0.94043714,0.026670228,17,51799606.99,0.928492897,0.784996876,1.098219732
13669_6_FGFR3,ieu-b-18,multiple sclerosis || id:ieu-b-18,13669_6_FGFR3,Inverse variance weighted,3,-0.073478254,0.108998188,0.500232721,FGFR3,0.973425835,0.011697132,4,1716096.782,0.929156351,0.750425648,1.150455781
13671_40_ELANE,ieu-b-18,multiple sclerosis || id:ieu-b-18,13671_40_ELANE,Inverse variance weighted,14,-0.124193606,0.093185465,0.182611474,ELANE,0.787982734,0.103483299,19,822648.899,0.88320883,0.735770435,1.060191875
13676_46_INHBB,ieu-b-18,multiple sclerosis || id:ieu-b-18,13676_46_INHBB,Inverse variance weighted,3,0.005314637,0.048337965,0.912451029,INHBB,0.998431193,0.000681859,2,120502357.1,1.005328785,0.91445431,1.105233969
13682_47_CSF1R,ieu-b-18,multiple sclerosis || id:ieu-b-18,13682_47_CSF1R,Inverse variance weighted,3,0.201839561,0.137535241,0.142227056,CSF1R,0.769556868,0.113759282,5,150061129.8,1.22365167,0.934513214,1.602249586
13686_2_IL5RA,ieu-b-18,multiple sclerosis || id:ieu-b-18,13686_2_IL5RA,Inverse variance weighted,18,-0.017758589,0.036221579,0.623938255,IL5RA,0.977196122,0.010018265,3,3091264.311,0.982398166,0.915071675,1.054678209
13692_154_WISP1,ieu-b-18,multiple sclerosis || id:ieu-b-18,13692_154_WISP1,Inverse variance weighted,20,0.036715184,0.027595184,0.183356064,WISP1,0.788157408,0.103387038,8,133263061.4,1.037397511,0.982778637,1.095051883
13700_10_ANXA2,ieu-b-18,multiple sclerosis || id:ieu-b-18,13700_10_ANXA2,Inverse variance weighted,19,0.013869285,0.045478376,0.760393279,ANXA2,0.993478776,0.002841407,15,60417544.32,1.01396591,0.927494577,1.108499059
13717_15_FCN2,ieu-b-18,multiple sclerosis || id:ieu-b-18,13717_15_FCN2,Inverse variance weighted,24,-0.02131356,0.036837659,0.5628721,FCN2,0.977196122,0.010018265,9,134960740.3,0.978911969,0.910724017,1.052205305
13720_95_PRTN3,ieu-b-18,multiple sclerosis || id:ieu-b-18,13720_95_PRTN3,Inverse variance weighted,15,0.060665953,0.077027063,0.430934986,PRTN3,0.959725636,0.017852904,19,803125.337,1.062543915,0.913650568,1.235701712
13733_5_IL12B,ieu-b-18,multiple sclerosis || id:ieu-b-18,13733_5_IL12B,Inverse variance weighted,8,-0.042708332,0.045686322,0.349882821,IL12B,0.91472166,0.038711037,5,159273601.2,0.958190823,0.876118851,1.047951031
13740_51_FRZB,ieu-b-18,multiple sclerosis || id:ieu-b-18,13740_51_FRZB,Inverse variance weighted,6,-0.019920332,0.033014825,0.546258997,FRZB,0.977196122,0.010018265,2,182867478.5,0.980276766,0.918852758,1.045806883
13748_4_CCL8,ieu-b-18,multiple sclerosis || id:ieu-b-18,13748_4_CCL8,Inverse variance weighted,28,-0.017224658,0.027928308,0.537402601,CCL8,0.977196122,0.010018265,17,34313607.65,0.982922838,0.930564264,1.038227388
13930_3_APOBEC3G,ieu-b-18,multiple sclerosis || id:ieu-b-18,13930_3_APOBEC3G,Inverse variance weighted,2,-0.161466089,0.140730642,0.251240558,APOBEC3G,0.882405861,0.054331616,22,39086707.58,0.850895386,0.645778866,1.12116236
13931_22_PSMD9,ieu-b-18,multiple sclerosis || id:ieu-b-18,13931_22_PSMD9,Inverse variance weighted,3,0.19860673,0.126567299,0.116606269,PSMD9,0.758928934,0.119798889,12,121808770.1,1.2197022,0.951738301,1.563111892
13934_3_MCF2L,ieu-b-18,multiple sclerosis || id:ieu-b-18,13934_3_MCF2L,Inverse variance weighted,3,0.111789083,0.080167995,0.16318619,MCF2L,0.770452832,0.113253944,13,112911094.6,1.118276972,0.95567232,1.308548297
13940_19_IFI16,ieu-b-18,multiple sclerosis || id:ieu-b-18,13940_19_IFI16,Inverse variance weighted,2,-0.499001906,0.196258076,0.011003733,IFI16,0.302142037,0.519788847,1,159033909.2,0.607136336,0.413264385,0.891958138
13944_3_SULT1A3,ieu-b-18,multiple sclerosis || id:ieu-b-18,13944_3_SULT1A3,Inverse variance weighted,2,0.327375445,0.221431236,0.139286847,SULT1A3,0.769556868,0.113759282,16,30154490.31,1.387322242,0.898858389,2.141230507
13947_371_NUDT12,ieu-b-18,multiple sclerosis || id:ieu-b-18,13947_371_NUDT12,Inverse variance weighted,5,0.038681261,0.044027727,0.379636665,NUDT12,0.933160436,0.030043683,5,103607980.7,1.039439121,0.953502642,1.133120811
13972_4_HSD17B14,ieu-b-18,multiple sclerosis || id:ieu-b-18,13972_4_HSD17B14,Inverse variance weighted,2,0.078694883,0.322664473,0.807315426,HSD17B14,0.996607537,0.001475833,19,48845507.04,1.081874174,0.574803243,2.036265007
13983_27_CRYZ,ieu-b-18,multiple sclerosis || id:ieu-b-18,13983_27_CRYZ,Inverse variance weighted,12,0.04691302,0.028807981,0.103424616,CRYZ,0.729061051,0.137236103,1,74729502.15,1.048030848,0.990494841,1.108909015
13986_6_LANCL1,ieu-b-18,multiple sclerosis || id:ieu-b-18,13986_6_LANCL1,Inverse variance weighted,2,0.419539112,0.175959532,0.017111964,LANCL1,0.371943062,0.429523537,2,210558756.4,1.521260263,1.077516039,2.147747878
13988_67_NMRAL1,ieu-b-18,multiple sclerosis || id:ieu-b-18,13988_67_NMRAL1,Inverse variance weighted,12,-0.002522639,0.077293344,0.973963892,NMRAL1,0.998431193,0.000681859,16,4467432.987,0.99748054,0.857256939,1.160640856
13998_26_ADSSL1,ieu-b-18,multiple sclerosis || id:ieu-b-18,13998_26_ADSSL1,Inverse variance weighted,6,-0.027551685,0.123462528,0.823412323,ADSSL1,0.998431193,0.000681859,14,104755870.9,0.972824401,0.763732074,1.239161412
14006_36_GNMT,ieu-b-18,multiple sclerosis || id:ieu-b-18,14006_36_GNMT,Inverse variance weighted,3,0.031971817,0.072480593,0.659134342,GNMT,0.986475005,0.005913914,6,43094884.24,1.032488406,0.895753383,1.190095765
14009_65_TNFAIP3,ieu-b-18,multiple sclerosis || id:ieu-b-18,14009_65_TNFAIP3,Inverse variance weighted,2,0.009586072,0.199178056,0.96161411,TNFAIP3,0.998431193,0.000681859,6,137775459.5,1.009632165,0.683312545,1.491787495
14012_17_DHX58,ieu-b-18,multiple sclerosis || id:ieu-b-18,14012_17_DHX58,Inverse variance weighted,3,-0.148510441,0.091967227,0.10634986,DHX58,0.733622989,0.134527068,17,42337408.66,0.861991007,0.719811286,1.032254581
14047_78_BDNF,ieu-b-18,multiple sclerosis || id:ieu-b-18,14047_78_BDNF,Inverse variance weighted,3,0.154311934,0.253233565,0.542281846,BDNF,0.977196122,0.010018265,11,27707341.02,1.166854811,0.710329839,1.916785803
14048_7_IL1RAP,ieu-b-18,multiple sclerosis || id:ieu-b-18,14048_7_IL1RAP,Inverse variance weighted,20,0.007723103,0.022866586,0.735554452,IL1RAP,0.993478776,0.002841407,3,190597440.2,1.007753003,0.963584199,1.053946418
14054_17_IL15RA,ieu-b-18,multiple sclerosis || id:ieu-b-18,14054_17_IL15RA,Inverse variance weighted,17,-0.098014602,0.079769738,0.219177133,IL15RA,0.84164019,0.074873534,10,6020707.212,0.906635665,0.775410053,1.060069088
14066_49_MAGI2,ieu-b-18,multiple sclerosis || id:ieu-b-18,14066_49_MAGI2,Inverse variance weighted,15,0.033110927,0.035527481,0.351346494,MAGI2,0.91472166,0.038711037,7,79121157.22,1.033665195,0.96413598,1.108208548
14067_6_PKP2,ieu-b-18,multiple sclerosis || id:ieu-b-18,14067_6_PKP2,Inverse variance weighted,3,0.202765293,0.170146988,0.2333763,PKP2,0.86119953,0.064896216,12,32967710.32,1.224784968,0.87746097,1.709589681
14076_74_CST4,ieu-b-18,multiple sclerosis || id:ieu-b-18,14076_74_CST4,Inverse variance weighted,7,0.000292739,0.052678987,0.995566143,CST4,0.998431193,0.000681859,20,23765659.4,1.000292782,0.902164795,1.109094099
14079_14_IL18R1,ieu-b-18,multiple sclerosis || id:ieu-b-18,14079_14_IL18R1,Inverse variance weighted,7,-0.016287405,0.032114913,0.61204243,IL18R1,0.977196122,0.010018265,2,102278981.6,0.983844517,0.923824986,1.047763429
14090_23_DEF6,ieu-b-18,multiple sclerosis || id:ieu-b-18,14090_23_DEF6,Inverse variance weighted,2,0.088867596,0.19725023,0.652326683,DEF6,0.984902148,0.006606915,6,35488212.9,1.092935938,0.742492243,1.608783089
14091_42_CBR3,ieu-b-18,multiple sclerosis || id:ieu-b-18,14091_42_CBR3,Inverse variance weighted,9,-0.063487917,0.042249544,0.132919306,CBR3,0.769556868,0.113759282,21,36119519.75,0.938485459,0.863901067,1.019509051
14100_63_C1QC,ieu-b-18,multiple sclerosis || id:ieu-b-18,14100_63_C1QC,Inverse variance weighted,11,-0.012837006,0.045457099,0.777638135,C1QC,0.993478776,0.002841407,1,22551118.87,0.987245036,0.903090129,1.079241962
14101_2_CNTFR,ieu-b-18,multiple sclerosis || id:ieu-b-18,14101_2_CNTFR,Inverse variance weighted,5,0.229628212,0.182287836,0.207777161,CNTFR,0.828248534,0.081839324,9,34520280.29,1.258132164,0.880156147,1.798426958
14107_1_MTHFS,ieu-b-18,multiple sclerosis || id:ieu-b-18,14107_1_MTHFS,Inverse variance weighted,8,-0.024030617,0.044100375,0.585817263,MTHFS,0.977196122,0.010018265,15,79867501.44,0.976255819,0.895415563,1.064394527
14123_34_C10orf54,ieu-b-18,multiple sclerosis || id:ieu-b-18,14123_34_C10orf54,Inverse variance weighted,11,-0.065727621,0.045775853,0.151042775,C10orf54,0.770087598,0.113459871,10,71771202.36,0.936385881,0.856031338,1.0242832
14131_37_EFNB2,ieu-b-18,multiple sclerosis || id:ieu-b-18,14131_37_EFNB2,Inverse variance weighted,3,0.419883218,0.352745799,0.233917481,EFNB2,0.86119953,0.064896216,13,106700545.9,1.521783829,0.762236391,3.038199239
14133_93_IL1R2,ieu-b-18,multiple sclerosis || id:ieu-b-18,14133_93_IL1R2,Inverse variance weighted,5,0.076269916,0.045423566,0.093135961,IL1R2,0.729061051,0.137236103,2,101893229.7,1.079253843,0.987320794,1.179747114
14134_49_AMIGO2,ieu-b-18,multiple sclerosis || id:ieu-b-18,14134_49_AMIGO2,Inverse variance weighted,3,-0.062861791,0.228132891,0.782894483,AMIGO2,0.993478776,0.002841407,12,47227262.08,0.939073253,0.600494224,1.468554635
14151_4_ISG15,ieu-b-18,multiple sclerosis || id:ieu-b-18,14151_4_ISG15,Inverse variance weighted,3,0.037395441,0.144140845,0.795298233,ISG15,0.993478776,0.002841407,1,1028026.325,1.038103448,0.782610138,1.37700589
14158_17_ANXA5,ieu-b-18,multiple sclerosis || id:ieu-b-18,14158_17_ANXA5,Inverse variance weighted,3,0.176872187,0.096304016,0.066268614,ANXA5,0.663838636,0.177937475,4,121753052.9,1.193478541,0.988186647,1.44141902
14273_19_PREP,ieu-b-18,multiple sclerosis || id:ieu-b-18,14273_19_PREP,Inverse variance weighted,2,0.027943914,0.103717735,0.787604407,PREP,0.993478776,0.002841407,6,105232755.2,1.028338007,0.839169265,1.26014989
14636_25_HRSP12,ieu-b-18,multiple sclerosis || id:ieu-b-18,14636_25_HRSP12,Inverse variance weighted,6,-0.048343364,0.099451327,0.626895742,HRSP12,0.977196122,0.010018265,8,98149680.04,0.952806572,0.784061385,1.157868989
14655_1_DNAJC17,ieu-b-18,multiple sclerosis || id:ieu-b-18,14655_1_DNAJC17,Inverse variance weighted,2,-0.276842149,0.298810879,0.354196854,DNAJC17,0.91472166,0.038711037,15,40521115.54,0.758174166,0.422100656,1.361826991
14684_17_CAPN2,ieu-b-18,multiple sclerosis || id:ieu-b-18,14684_17_CAPN2,Inverse variance weighted,2,-0.052476859,0.208075453,0.800885626,CAPN2,0.994202846,0.002524998,1,223709154.7,0.948876279,0.631091293,1.426681374
14708_59_C8G,ieu-b-18,multiple sclerosis || id:ieu-b-18,14708_59_C8G,Inverse variance weighted,6,-0.014807279,0.050306654,0.76849783,C8G,0.993478776,0.002841407,9,136796946.1,0.98530181,0.892786043,1.087404607
14711_27_CST6,ieu-b-18,multiple sclerosis || id:ieu-b-18,14711_27_CST6,Inverse variance weighted,3,-0.095074871,0.182531188,0.602457906,CST6,0.977196122,0.010018265,11,66064082.71,0.909304852,0.6358224,1.30041866
14747_9_CRLF1,ieu-b-18,multiple sclerosis || id:ieu-b-18,14747_9_CRLF1,Inverse variance weighted,4,-0.026082066,0.074359015,0.725769443,CRLF1,0.993478776,0.002841407,19,18623485.95,0.974255133,0.842125913,1.127115376
15300_66_CCDC134,ieu-b-18,multiple sclerosis || id:ieu-b-18,15300_66_CCDC134,Inverse variance weighted,2,0.085770364,0.162805849,0.598314385,CCDC134,0.977196122,0.010018265,22,41993315.64,1.089556098,0.791892918,1.499107346
15304_1_REG3A,ieu-b-18,multiple sclerosis || id:ieu-b-18,15304_1_REG3A,Inverse variance weighted,8,0.024187721,0.058769683,0.680656089,REG3A,0.993478776,0.002841407,2,79190573.85,1.024482617,0.913016928,1.149556597
15305_7_SCGN,ieu-b-18,multiple sclerosis || id:ieu-b-18,15305_7_SCGN,Inverse variance weighted,2,1.178304345,0.246028884,1.67E-06,SCGN,0.000642701,3.191990714,6,25512164.91,3.248860584,2.00588976,5.262051436
15308_108_VWC2,ieu-b-18,multiple sclerosis || id:ieu-b-18,15308_108_VWC2,Inverse variance weighted,9,-0.013088495,0.062247337,0.833460113,VWC2,0.998431193,0.000681859,7,49790916.64,0.986996787,0.87363442,1.115068998
15316_262_TXNL4B,ieu-b-18,multiple sclerosis || id:ieu-b-18,15316_262_TXNL4B,Inverse variance weighted,2,-0.215633595,0.147459615,0.143652704,TXNL4B,0.769556868,0.113759282,16,72136705.03,0.806030582,0.603714159,1.076147195
15326_64_GBP1,ieu-b-18,multiple sclerosis || id:ieu-b-18,15326_64_GBP1,Inverse variance weighted,3,0.083528826,0.095127899,0.379906462,GBP1,0.933160436,0.030043683,1,89191403.68,1.087116552,0.902197472,1.309937607
15333_11_SDF2,ieu-b-18,multiple sclerosis || id:ieu-b-18,15333_11_SDF2,Inverse variance weighted,2,0.043837582,0.11021985,0.690830281,SDF2,0.993478776,0.002841407,17,28561967.8,1.044812645,0.841816415,1.296759535
15336_7_SELM,ieu-b-18,multiple sclerosis || id:ieu-b-18,15336_7_SELM,Inverse variance weighted,2,0.531037356,0.315882455,0.092738967,SELM,0.729061051,0.137236103,22,31195542.89,1.70069562,0.915676397,3.158720267
15343_337_KNG1,ieu-b-18,multiple sclerosis || id:ieu-b-18,15343_337_KNG1,Inverse variance weighted,11,0.053097917,0.047586599,0.264500651,KNG1,0.886168581,0.052483652,3,186784966.1,1.054532896,0.960624373,1.157621711
15363_32_APOA5,ieu-b-18,multiple sclerosis || id:ieu-b-18,15363_32_APOA5,Inverse variance weighted,13,-0.00183056,0.062539852,0.976649017,APOA5,0.998431193,0.000681859,11,116703834,0.998171114,0.883018903,1.128340027
15364_101_APOC1,ieu-b-18,multiple sclerosis || id:ieu-b-18,15364_101_APOC1,Inverse variance weighted,9,0.181700941,0.143118509,0.204232923,APOC1,0.828248534,0.081839324,19,44908880.63,1.199255492,0.905913604,1.587583769
15367_38_BPIFB1,ieu-b-18,multiple sclerosis || id:ieu-b-18,15367_38_BPIFB1,Inverse variance weighted,5,0.018861792,0.054734513,0.730391278,BPIFB1,0.993478776,0.002841407,20,33272072.52,1.019040799,0.915378302,1.13444261
15368_3_BMPER,ieu-b-18,multiple sclerosis || id:ieu-b-18,15368_3_BMPER,Inverse variance weighted,4,-0.022745238,0.159409538,0.88653952,BMPER,0.998431193,0.000681859,7,33896368.48,0.977511485,0.715203664,1.336023222
15370_5_BOLA1,ieu-b-18,multiple sclerosis || id:ieu-b-18,15370_5_BOLA1,Inverse variance weighted,4,-0.213470669,0.166075509,0.19865841,BOLA1,0.817337459,0.087598597,1,150054091.4,0.807775853,0.583343736,1.118554615
15375_49_CPB1,ieu-b-18,multiple sclerosis || id:ieu-b-18,15375_49_CPB1,Inverse variance weighted,2,0.163765462,0.146871692,0.264840137,CPB1,0.886168581,0.052483652,3,148906169.8,1.177938012,0.883288809,1.57087687
15384_15_KL,ieu-b-18,multiple sclerosis || id:ieu-b-18,15384_15_KL,Inverse variance weighted,5,-0.063426628,0.096424901,0.510677796,KL,0.977196122,0.010018265,13,33046062.83,0.93854298,0.776918804,1.133790198
15385_116_FABP2,ieu-b-18,multiple sclerosis || id:ieu-b-18,15385_116_FABP2,Inverse variance weighted,6,0.001267438,0.029790723,0.966064468,FABP2,0.998431193,0.000681859,4,119322478.7,1.001268241,0.944478478,1.061472669
15387_44_NRP2,ieu-b-18,multiple sclerosis || id:ieu-b-18,15387_44_NRP2,Inverse variance weighted,6,-0.069224386,0.102658927,0.500111494,NRP2,0.973425835,0.011697132,2,205708866.5,0.933117278,0.763046823,1.141093612
15388_24_FCGR3A,ieu-b-18,multiple sclerosis || id:ieu-b-18,15388_24_FCGR3A,Inverse variance weighted,13,-0.028864537,0.020275234,0.154552101,FCGR3A,0.770087598,0.113459871,1,161480563.1,0.971548065,0.933696355,1.010934269
15391_114_GAS6,ieu-b-18,multiple sclerosis || id:ieu-b-18,15391_114_GAS6,Inverse variance weighted,5,-0.076151578,0.086510837,0.378721302,GAS6,0.933160436,0.030043683,13,113930987.8,0.926675732,0.78214681,1.097911416
15394_79_UNC5B,ieu-b-18,multiple sclerosis || id:ieu-b-18,15394_79_UNC5B,Inverse variance weighted,6,-0.045881941,0.098989142,0.643002586,UNC5B,0.981111231,0.008281753,10,71183071.13,0.95515472,0.786706008,1.159671503
15395_15_GSTM1,ieu-b-18,multiple sclerosis || id:ieu-b-18,15395_15_GSTM1,Inverse variance weighted,16,-0.023222813,0.023506252,0.323181066,GSTM1,0.902817555,0.044400005,1,109685109.9,0.977044761,0.933051326,1.023112489
15435_4_PNP,ieu-b-18,multiple sclerosis || id:ieu-b-18,15435_4_PNP,Inverse variance weighted,3,-0.015158955,0.227864168,0.946958838,PNP,0.998431193,0.000681859,14,20433143.58,0.984955364,0.630165545,1.539495576
15441_6_GM2A,ieu-b-18,multiple sclerosis || id:ieu-b-18,15441_6_GM2A,Inverse variance weighted,9,0.068959232,0.086195384,0.423691138,GM2A,0.955170629,0.019919041,5,151244988.8,1.071392529,0.904852149,1.268585099
15444_45_SERPINB4,ieu-b-18,multiple sclerosis || id:ieu-b-18,15444_45_SERPINB4,Inverse variance weighted,4,0.000833452,0.176102149,0.996223806,SERPINB4,0.998431193,0.000681859,18,63540263.75,1.000833799,0.708697317,1.413393659
15447_45_SORD,ieu-b-18,multiple sclerosis || id:ieu-b-18,15447_45_SORD,Inverse variance weighted,2,0.061154024,0.255603318,0.810908913,SORD,0.998431193,0.000681859,15,44992233.78,1.063062639,0.644146896,1.75441686
15449_33_TIMD4,ieu-b-18,multiple sclerosis || id:ieu-b-18,15449_33_TIMD4,Inverse variance weighted,4,0.132062085,0.064052222,0.039227951,TIMD4,0.549483956,0.260044984,5,156962347.3,1.141179167,1.006541029,1.293826931
15452_5_NT5E,ieu-b-18,multiple sclerosis || id:ieu-b-18,15452_5_NT5E,Inverse variance weighted,5,0.006624335,0.05954807,0.911423271,NT5E,0.998431193,0.000681859,6,85378502.13,1.006646324,0.89575362,1.131267348
15453_3_AMBP,ieu-b-18,multiple sclerosis || id:ieu-b-18,15453_3_AMBP,Inverse variance weighted,3,0.204342959,0.204121916,0.316786733,AMBP,0.902817555,0.044400005,9,114138543.9,1.226718795,0.822229278,1.830193893
15462_28_CD8A,ieu-b-18,multiple sclerosis || id:ieu-b-18,15462_28_CD8A,Inverse variance weighted,3,-0.010126206,0.057835438,0.861011643,CD8A,0.998431193,0.000681859,2,86703001.29,0.989924891,0.883836078,1.108747781
15466_30_COL9A1,ieu-b-18,multiple sclerosis || id:ieu-b-18,15466_30_COL9A1,Inverse variance weighted,2,0.247711713,0.195780065,0.205779919,COL9A1,0.828248534,0.081839324,6,70123123.71,1.281090557,0.872827608,1.88031749
15468_14_CFHR1,ieu-b-18,multiple sclerosis || id:ieu-b-18,15468_14_CFHR1,Inverse variance weighted,2,-0.052630312,0.057619063,0.36102254,CFHR1,0.91472166,0.038711037,1,196779356.8,0.948730682,0.847415901,1.062158387
15470_11_HEXB,ieu-b-18,multiple sclerosis || id:ieu-b-18,15470_11_HEXB,Inverse variance weighted,3,0.049188367,0.068338605,0.471664007,HEXB,0.967772715,0.014226627,5,74855032.86,1.050418196,0.918737074,1.200972965
15471_29_PNLIPRP2,ieu-b-18,multiple sclerosis || id:ieu-b-18,15471_29_PNLIPRP2,Inverse variance weighted,15,0.029798877,0.030175177,0.323383138,PNLIPRP2,0.902817555,0.044400005,10,116643398.1,1.030247307,0.971081898,1.093017505
15472_16_LRP11,ieu-b-18,multiple sclerosis || id:ieu-b-18,15472_16_LRP11,Inverse variance weighted,11,0.013292308,0.02890621,0.645629177,LRP11,0.981493025,0.008112782,6,149825049,1.013381043,0.957562904,1.072452926
15475_4_PLTP,ieu-b-18,multiple sclerosis || id:ieu-b-18,15475_4_PLTP,Inverse variance weighted,14,0.079353754,0.070054496,0.257322109,PLTP,0.886168581,0.052483652,20,45902231.96,1.082587224,0.943694246,1.241922479
15476_6_REG3G,ieu-b-18,multiple sclerosis || id:ieu-b-18,15476_6_REG3G,Inverse variance weighted,9,-0.020922604,0.044703533,0.639762979,REG3G,0.977462801,0.009899762,2,79059527.16,0.979294755,0.897141637,1.068970804
15480_2_VNN2,ieu-b-18,multiple sclerosis || id:ieu-b-18,15480_2_VNN2,Inverse variance weighted,11,-0.047918421,0.065818719,0.466591321,VNN2,0.967772715,0.014226627,6,132740901.5,0.953211545,0.837844203,1.084464447
15482_12_A2ML1,ieu-b-18,multiple sclerosis || id:ieu-b-18,15482_12_A2ML1,Inverse variance weighted,2,-0.110402193,0.075618287,0.144291913,A2ML1,0.769556868,0.113759282,12,8951238.075,0.89547391,0.772120977,1.038533528
15486_126_AOC1,ieu-b-18,multiple sclerosis || id:ieu-b-18,15486_126_AOC1,Inverse variance weighted,15,0.009645264,0.031888718,0.762296584,AOC1,0.993478776,0.002841407,7,150860529.1,1.009691929,0.948515999,1.074813492
15495_9_FOLR3,ieu-b-18,multiple sclerosis || id:ieu-b-18,15495_9_FOLR3,Inverse variance weighted,8,-0.088016278,0.050265259,0.07993971,FOLR3,0.698584534,0.155781033,11,72241767.58,0.91574597,0.829828533,1.010558987
15499_11_ATRN,ieu-b-18,multiple sclerosis || id:ieu-b-18,15499_11_ATRN,Inverse variance weighted,10,-0.062157726,0.058930197,0.291531132,ATRN,0.890498002,0.05036705,20,3573515.591,0.939734654,0.837226269,1.054793971
15503_15_LEFTY2,ieu-b-18,multiple sclerosis || id:ieu-b-18,15503_15_LEFTY2,Inverse variance weighted,2,0.021093324,0.093919058,0.822297891,LEFTY2,0.998431193,0.000681859,1,225929762.2,1.021317361,0.849601358,1.227739505
15503_20_LEFTY2,ieu-b-18,multiple sclerosis || id:ieu-b-18,15503_20_LEFTY2,Inverse variance weighted,9,-0.054026889,0.027435217,0.048924025,LEFTY2,0.606026629,0.217508292,1,225942947.2,0.947406632,0.897807217,0.999746169
15509_2_NAGLU,ieu-b-18,multiple sclerosis || id:ieu-b-18,15509_2_NAGLU,Inverse variance weighted,5,0.023724832,0.052622372,0.65209717,NAGLU,0.984902148,0.006606915,17,42586884.14,1.024008505,0.923656512,1.135263384
15511_37_NPTXR,ieu-b-18,multiple sclerosis || id:ieu-b-18,15511_37_NPTXR,Inverse variance weighted,6,-0.028868599,0.059950101,0.630130071,NPTXR,0.977196122,0.010018265,22,38951335.05,0.971544118,0.863837335,1.092680225
15514_26_BCHE,ieu-b-18,multiple sclerosis || id:ieu-b-18,15514_26_BCHE,Inverse variance weighted,5,0.018269036,0.045913316,0.690701856,BCHE,0.993478776,0.002841407,3,165777537.8,1.018436935,0.930790492,1.114336471
15515_2_SAA1,ieu-b-18,multiple sclerosis || id:ieu-b-18,15515_2_SAA1,Inverse variance weighted,9,-0.022245185,0.035567605,0.531686331,SAA1,0.977196122,0.010018265,11,18344519.05,0.978000415,0.912143742,1.048611932
15516_12_SAA4,ieu-b-18,multiple sclerosis || id:ieu-b-18,15516_12_SAA4,Inverse variance weighted,15,0.027831996,0.029254984,0.341422114,SAA4,0.911860098,0.040071788,11,18254157.06,1.028222924,0.97092333,1.088904086
15521_4_CLSTN1,ieu-b-18,multiple sclerosis || id:ieu-b-18,15521_4_CLSTN1,Inverse variance weighted,5,-0.206359492,0.21207435,0.330527174,CLSTN1,0.908752515,0.041554374,1,9546524.965,0.813540563,0.536856086,1.232822472
15522_2_GLIPR2,ieu-b-18,multiple sclerosis || id:ieu-b-18,15522_2_GLIPR2,Inverse variance weighted,4,-0.033868181,0.075048456,0.651784745,GLIPR2,0.984902148,0.006606915,9,36146796.86,0.966698926,0.834466105,1.119885885
15523_9_ALAD,ieu-b-18,multiple sclerosis || id:ieu-b-18,15523_9_ALAD,Inverse variance weighted,13,-0.07241498,0.069678924,0.298680758,ALAD,0.902352122,0.044623956,9,113406878.5,0.930144824,0.811406861,1.066258415
15525_294_ADH1C,ieu-b-18,multiple sclerosis || id:ieu-b-18,15525_294_ADH1C,Inverse variance weighted,2,-0.1012779,0.109203446,0.353706421,ADH1C,0.91472166,0.038711037,4,99462414.26,0.903681865,0.72955782,1.119364211
15533_97_MSR1,ieu-b-18,multiple sclerosis || id:ieu-b-18,15533_97_MSR1,Inverse variance weighted,6,-0.044488976,0.086793855,0.608243686,MSR1,0.977196122,0.010018265,8,16217202.15,0.956486145,0.806860142,1.133859139
15540_6_VIM,ieu-b-18,multiple sclerosis || id:ieu-b-18,15540_6_VIM,Inverse variance weighted,4,-0.023230685,0.209776023,0.911822193,VIM,0.998431193,0.000681859,10,17034318.9,0.97703707,0.647658525,1.473927077
15544_25_KLK14,ieu-b-18,multiple sclerosis || id:ieu-b-18,15544_25_KLK14,Inverse variance weighted,14,-0.087880752,0.050327639,0.080780935,KLK14,0.698584534,0.155781033,19,51091334.89,0.915870086,0.829839539,1.010819532
15556_49_AMY2B,ieu-b-18,multiple sclerosis || id:ieu-b-18,15556_49_AMY2B,Inverse variance weighted,6,-0.029061819,0.112895486,0.796852768,AMY2B,0.993478776,0.002841407,1,103593365.8,0.971356415,0.778538395,1.211929034
15558_63_ENPEP,ieu-b-18,multiple sclerosis || id:ieu-b-18,15558_63_ENPEP,Inverse variance weighted,13,-0.092226266,0.051155774,0.071411532,ENPEP,0.679885003,0.167564538,4,110449745.6,0.911898795,0.824901262,1.008071451
15559_5_ANTXR2,ieu-b-18,multiple sclerosis || id:ieu-b-18,15559_5_ANTXR2,Inverse variance weighted,6,-0.051159163,0.108694835,0.637877956,ANTXR2,0.977302673,0.009970914,4,80059172.69,0.950127434,0.767819163,1.175722337
15560_52_TCN2,ieu-b-18,multiple sclerosis || id:ieu-b-18,15560_52_TCN2,Inverse variance weighted,11,-0.004369837,0.018420553,0.812481334,TCN2,0.998431193,0.000681859,22,30599019.91,0.995639697,0.960334017,1.032243353
15562_24_GUSB,ieu-b-18,multiple sclerosis || id:ieu-b-18,15562_24_GUSB,Inverse variance weighted,2,-0.034432144,0.126291629,0.785129998,GUSB,0.993478776,0.002841407,7,65864512.01,0.966153897,0.754301037,1.237507715
15565_102_MUC16,ieu-b-18,multiple sclerosis || id:ieu-b-18,15565_102_MUC16,Inverse variance weighted,2,-0.066503348,0.297840904,0.823313854,MUC16,0.998431193,0.000681859,19,8874158.608,0.935659784,0.521904051,1.677433294
15566_10_CNN1,ieu-b-18,multiple sclerosis || id:ieu-b-18,15566_10_CNN1,Inverse variance weighted,2,-0.00099341,0.119357978,0.993359326,CNN1,0.998431193,0.000681859,19,11532576.67,0.999007083,0.790622201,1.262316124
15570_99_CR2,ieu-b-18,multiple sclerosis || id:ieu-b-18,15570_99_CR2,Inverse variance weighted,6,0.035834313,0.110631401,0.746008257,CR2,0.993478776,0.002841407,1,207520047,1.0364841,0.834432661,1.287460738
15576_158_RNASE3,ieu-b-18,multiple sclerosis || id:ieu-b-18,15576_158_RNASE3,Inverse variance weighted,10,-0.090950784,0.121613944,0.45454173,RNASE3,0.964143158,0.015858476,14,20888506.38,0.913062647,0.719417002,1.158831936
15582_25_FCN1,ieu-b-18,multiple sclerosis || id:ieu-b-18,15582_25_FCN1,Inverse variance weighted,11,-3.12E-05,0.040930918,0.99939199,FCN1,0.999562461,0.000190062,9,134943982.5,0.99996881,0.922880252,1.083496606
15583_18_FCRLB,ieu-b-18,multiple sclerosis || id:ieu-b-18,15583_18_FCRLB,Inverse variance weighted,9,0.038447792,0.079850385,0.630162677,FCRLB,0.977196122,0.010018265,1,161756992.5,1.039196473,0.888643655,1.215255747
15584_9_CFHR2,ieu-b-18,multiple sclerosis || id:ieu-b-18,15584_9_CFHR2,Inverse variance weighted,5,-0.042790156,0.028444019,0.132487683,CFHR2,0.769556868,0.113759282,1,196949356.8,0.958112423,0.906159053,1.013044467
15585_304_FBLN5,ieu-b-18,multiple sclerosis || id:ieu-b-18,15585_304_FBLN5,Inverse variance weighted,3,0.39399964,0.154983505,0.011015595,FBLN5,0.302142037,0.519788847,14,91939095.99,1.482900015,1.09442813,2.009261636
15587_20_FOLR2,ieu-b-18,multiple sclerosis || id:ieu-b-18,15587_20_FOLR2,Inverse variance weighted,2,-0.008406826,0.184879238,0.963731105,FOLR2,0.998431193,0.000681859,11,72119133.84,0.991628413,0.690202579,1.424693183
15589_1_GC,ieu-b-18,multiple sclerosis || id:ieu-b-18,15589_1_GC,Inverse variance weighted,2,-0.143047137,0.160332013,0.372289369,GC,0.920337668,0.036052802,4,71688172.61,0.866713214,0.632991754,1.186732354
15594_47_HTRA1,ieu-b-18,multiple sclerosis || id:ieu-b-18,15594_47_HTRA1,Inverse variance weighted,3,0.180870431,0.251265524,0.471624845,HTRA1,0.967772715,0.014226627,10,122517662.5,1.198259912,0.73226706,1.960796674
15602_43_IL6R,ieu-b-18,multiple sclerosis || id:ieu-b-18,15602_43_IL6R,Inverse variance weighted,10,-0.037966893,0.025590011,0.137898964,IL6R,0.769556868,0.113759282,1,154521447.1,0.962744814,0.915647957,1.012264124
15614_168_LILRA2,ieu-b-18,multiple sclerosis || id:ieu-b-18,15614_168_LILRA2,Inverse variance weighted,15,-0.03761045,0.069177911,0.586663655,LILRA2,0.977196122,0.010018265,19,54549182.3,0.963088039,0.840970114,1.102938802
15615_8_LILRB3,ieu-b-18,multiple sclerosis || id:ieu-b-18,15615_8_LILRB3,Inverse variance weighted,26,-0.023346205,0.022995988,0.309996459,LILRB3,0.902817555,0.044400005,19,54196375.29,0.976924209,0.933869715,1.021963659
15620_4_NLGN1,ieu-b-18,multiple sclerosis || id:ieu-b-18,15620_4_NLGN1,Inverse variance weighted,2,0.144263605,0.134141453,0.282169372,NLGN1,0.889636358,0.050787476,3,173466378.5,1.155188582,0.888115353,1.502575826
15622_13_OPCML,ieu-b-18,multiple sclerosis || id:ieu-b-18,15622_13_OPCML,Inverse variance weighted,3,-0.040351738,0.144462952,0.779997423,OPCML,0.993478776,0.002841407,11,132333845.3,0.960451553,0.723612592,1.27480809
15626_223_HSPG2,ieu-b-18,multiple sclerosis || id:ieu-b-18,15626_223_HSPG2,Inverse variance weighted,7,-0.008163289,0.06011665,0.891986651,HSPG2,0.998431193,0.000681859,1,21964795.06,0.99186994,0.881621968,1.115904565
15635_4_SMOC2,ieu-b-18,multiple sclerosis || id:ieu-b-18,15635_4_SMOC2,Inverse variance weighted,13,0.075548616,0.046503922,0.104255413,SMOC2,0.729061051,0.137236103,6,168448093.4,1.078475657,0.984521963,1.181395425
15636_49_SORCS1,ieu-b-18,multiple sclerosis || id:ieu-b-18,15636_49_SORCS1,Inverse variance weighted,2,0.604525669,0.216221419,0.005176119,SORCS1,0.198762955,0.701664555,10,107058639.3,1.830383795,1.198093673,2.796363016
15640_54_TAGLN,ieu-b-18,multiple sclerosis || id:ieu-b-18,15640_54_TAGLN,Inverse variance weighted,2,0.370680749,0.176149778,0.035347946,TAGLN,0.54947895,0.260048941,11,117117101.4,1.448720493,1.025753212,2.046097486
15644_1_BTD,ieu-b-18,multiple sclerosis || id:ieu-b-18,15644_1_BTD,Inverse variance weighted,7,-0.037513647,0.069326343,0.588427097,BTD,0.977196122,0.010018265,3,15638268.37,0.963181273,0.840806878,1.103366527
15653_9_COL10A1,ieu-b-18,multiple sclerosis || id:ieu-b-18,15653_9_COL10A1,Inverse variance weighted,4,0.139271157,0.091669937,0.128695175,COL10A1,0.769556868,0.113759282,6,116054278,1.149435735,0.960403357,1.375674606
15686_49_INHBC,ieu-b-18,multiple sclerosis || id:ieu-b-18,15686_49_INHBC,Inverse variance weighted,12,0.042342532,0.052434835,0.419363072,INHBC,0.947267174,0.023527512,12,57335061.97,1.043251764,0.941359902,1.156172301
16035_8_FLT4,ieu-b-18,multiple sclerosis || id:ieu-b-18,16035_8_FLT4,Inverse variance weighted,2,0.243615785,0.407463164,0.549917208,FLT4,0.977196122,0.010018265,5,180629644.8,1.275854034,0.574065363,2.835571733
16055_3_CFHR5,ieu-b-18,multiple sclerosis || id:ieu-b-18,16055_3_CFHR5,Inverse variance weighted,4,0.022687598,0.055697543,0.683761445,CFHR5,0.993478776,0.002841407,1,197001121.4,1.022946919,0.917154271,1.140942621
16057_6_IGF2R,ieu-b-18,multiple sclerosis || id:ieu-b-18,16057_6_IGF2R,Inverse variance weighted,18,0.004639484,0.034796203,0.893929993,IGF2R,0.998431193,0.000681859,6,159959430.5,1.004650263,0.938416805,1.075558478
16060_99_NID2,ieu-b-18,multiple sclerosis || id:ieu-b-18,16060_99_NID2,Inverse variance weighted,17,-0.049751929,0.04800782,0.300048366,NID2,0.902495347,0.044555028,14,52039341.21,0.951465426,0.866020017,1.045341262
16079_2_TEC,ieu-b-18,multiple sclerosis || id:ieu-b-18,16079_2_TEC,Inverse variance weighted,2,-0.364764743,0.220052413,0.097392848,TEC,0.729061051,0.137236103,4,48260943.33,0.694359984,0.451099441,1.068801564
16288_17_EPHA4,ieu-b-18,multiple sclerosis || id:ieu-b-18,16288_17_EPHA4,Inverse variance weighted,5,-0.157427044,0.127485965,0.216883418,EPHA4,0.835617716,0.077992361,2,221489656.8,0.854339141,0.665444836,1.096853305
16296_43_LGR5,ieu-b-18,multiple sclerosis || id:ieu-b-18,16296_43_LGR5,Inverse variance weighted,2,-0.014447233,0.453992581,0.974613508,LGR5,0.998431193,0.000681859,12,71537566.99,0.985656627,0.404836218,2.399782783
16300_4_TREM2,ieu-b-18,multiple sclerosis || id:ieu-b-18,16300_4_TREM2,Inverse variance weighted,6,-0.016863736,0.101998933,0.868682301,TREM2,0.998431193,0.000681859,6,41145352.72,0.983277661,0.80510575,1.200879461
16307_22_UNC5D,ieu-b-18,multiple sclerosis || id:ieu-b-18,16307_22_UNC5D,Inverse variance weighted,3,-0.046470279,0.140783628,0.741337265,UNC5D,0.993478776,0.002841407,8,35604461.15,0.954592932,0.724403885,1.257927634
16318_12_ACVRL1,ieu-b-18,multiple sclerosis || id:ieu-b-18,16318_12_ACVRL1,Inverse variance weighted,2,0.026179303,0.08197808,0.749464796,ACVRL1,0.993478776,0.002841407,12,51807069.79,1.026524991,0.87415486,1.205454096
16323_8_NRXN3,ieu-b-18,multiple sclerosis || id:ieu-b-18,16323_8_NRXN3,Inverse variance weighted,5,0.021836797,0.121427856,0.857283278,NRXN3,0.998431193,0.000681859,14,79481721.22,1.022076965,0.805604944,1.296716623
16558_2_MYOC,ieu-b-18,multiple sclerosis || id:ieu-b-18,16558_2_MYOC,Inverse variance weighted,11,0.089969669,0.038824993,0.020486677,MYOC,0.415369919,0.381564958,1,171533025.9,1.094141097,1.013969355,1.180651796
16561_9_A1BG,ieu-b-18,multiple sclerosis || id:ieu-b-18,16561_9_A1BG,Inverse variance weighted,5,-0.06177616,0.049195973,0.209219031,A1BG,0.828248534,0.081839324,19,58143688.32,0.940093293,0.853678801,1.03525518
16583_8_NUDT2,ieu-b-18,multiple sclerosis || id:ieu-b-18,16583_8_NUDT2,Inverse variance weighted,3,-0.01614226,0.086694706,0.852290584,NUDT2,0.998431193,0.000681859,9,34267852.08,0.983987328,0.830220556,1.166233544
16594_44_FAIM,ieu-b-18,multiple sclerosis || id:ieu-b-18,16594_44_FAIM,Inverse variance weighted,4,-0.095135566,0.057520476,0.098139177,FAIM,0.729061051,0.137236103,3,138537646.8,0.909249663,0.812308001,1.017760442
16605_2_C1QTNF9,ieu-b-18,multiple sclerosis || id:ieu-b-18,16605_2_C1QTNF9,Inverse variance weighted,2,0.059565658,0.085313741,0.485055025,C1QTNF9,0.973425835,0.011697132,13,24456709.9,1.061375447,0.897942473,1.254554576
16607_78_GSN,ieu-b-18,multiple sclerosis || id:ieu-b-18,16607_78_GSN,Inverse variance weighted,2,-0.043996932,0.343412397,0.89805646,GSN,0.998431193,0.000681859,9,121379796.7,0.956956893,0.488173096,1.875905292
16609_106_KIRREL2,ieu-b-18,multiple sclerosis || id:ieu-b-18,16609_106_KIRREL2,Inverse variance weighted,11,0.021101355,0.053361164,0.69251521,KIRREL2,0.993478776,0.002841407,19,35751570.68,1.021325562,0.91990348,1.13392973
16610_13_LRP10,ieu-b-18,multiple sclerosis || id:ieu-b-18,16610_13_LRP10,Inverse variance weighted,2,-0.295670515,0.238755949,0.215575313,LRP10,0.835617716,0.077992361,14,22823563.16,0.744032536,0.465970862,1.18802367
16613_3_CDH17,ieu-b-18,multiple sclerosis || id:ieu-b-18,16613_3_CDH17,Inverse variance weighted,7,-0.041383786,0.052896414,0.434005843,CDH17,0.959911089,0.017768991,8,94227839.63,0.959460832,0.864969738,1.064274329
16614_27_RSPO1,ieu-b-18,multiple sclerosis || id:ieu-b-18,16614_27_RSPO1,Inverse variance weighted,2,-0.038410729,0.102590806,0.70810144,RSPO1,0.993478776,0.002841407,1,37711982.47,0.962317608,0.787030159,1.176645097
16616_137_ENO3,ieu-b-18,multiple sclerosis || id:ieu-b-18,16616_137_ENO3,Inverse variance weighted,5,-0.145923747,0.053072844,0.005968639,ENO3,0.208359761,0.681186149,17,4937300.469,0.8642236,0.778842433,0.958964739
16620_26_LY75,ieu-b-18,multiple sclerosis || id:ieu-b-18,16620_26_LY75,Inverse variance weighted,7,0.065441174,0.033707764,0.052206467,LY75,0.618689612,0.208527176,2,159840655.3,1.067629932,0.999374153,1.14054748
16621_77_APOA1BP,ieu-b-18,multiple sclerosis || id:ieu-b-18,16621_77_APOA1BP,Inverse variance weighted,2,0.072048979,0.108465815,0.506527004,APOA1BP,0.977196122,0.010018265,1,156441068.2,1.074707981,0.868885417,1.329286028
16753_46_COL6A2,ieu-b-18,multiple sclerosis || id:ieu-b-18,16753_46_COL6A2,Inverse variance weighted,4,0.051905828,0.183944829,0.777804342,COL6A2,0.993478776,0.002841407,21,46144442.46,1.053276549,0.734455378,1.510495424
16763_11_LECT2,ieu-b-18,multiple sclerosis || id:ieu-b-18,16763_11_LECT2,Inverse variance weighted,14,0.007554125,0.041572976,0.855812215,LECT2,0.998431193,0.000681859,5,135915048.6,1.007582729,0.928737718,1.093121273
16770_3_REG1B,ieu-b-18,multiple sclerosis || id:ieu-b-18,16770_3_REG1B,Inverse variance weighted,6,-0.021235419,0.077152403,0.783131939,REG1B,0.993478776,0.002841407,2,79105371.32,0.978988465,0.841596892,1.138809355
16773_29_SCUBE3,ieu-b-18,multiple sclerosis || id:ieu-b-18,16773_29_SCUBE3,Inverse variance weighted,2,-0.050267161,0.098494059,0.609801172,SCUBE3,0.977196122,0.010018265,6,35364636.76,0.950975327,0.784024102,1.153477386
16781_2_ENGASE,ieu-b-18,multiple sclerosis || id:ieu-b-18,16781_2_ENGASE,Inverse variance weighted,13,0.016176442,0.033648754,0.630698336,ENGASE,0.977196122,0.010018265,17,79070140.63,1.016307989,0.951443365,1.085594758
16792_4_SIGLEC5,ieu-b-18,multiple sclerosis || id:ieu-b-18,16792_4_SIGLEC5,Inverse variance weighted,17,0.006680797,0.025329573,0.791968858,SIGLEC5,0.993478776,0.002841407,19,51563005.7,1.006703163,0.957944758,1.057943321
16809_1_NME4,ieu-b-18,multiple sclerosis || id:ieu-b-18,16809_1_NME4,Inverse variance weighted,3,0.00280097,0.114380723,0.980463254,NME4,0.998431193,0.000681859,16,447709.3405,1.002804896,0.801407881,1.254813789
16818_200_CDCP1,ieu-b-18,multiple sclerosis || id:ieu-b-18,16818_200_CDCP1,Inverse variance weighted,5,-0.005221545,0.064137349,0.935114366,CDCP1,0.998431193,0.000681859,3,45182328.7,0.994792064,0.877278524,1.12804682
16823_75_APOL3,ieu-b-18,multiple sclerosis || id:ieu-b-18,16823_75_APOL3,Inverse variance weighted,10,-0.016923168,0.031755312,0.594086187,APOL3,0.977196122,0.010018265,22,36164130.06,0.983219225,0.923888783,1.046359758
16825_20_ATXN3,ieu-b-18,multiple sclerosis || id:ieu-b-18,16825_20_ATXN3,Inverse variance weighted,8,0.197973415,0.059941719,0.000957366,ATXN3,0.058046587,1.23622331,14,92143302.5,1.218929988,1.083815457,1.370888656
16828_8_COL6A1,ieu-b-18,multiple sclerosis || id:ieu-b-18,16828_8_COL6A1,Inverse variance weighted,16,0.020728511,0.024356088,0.394735605,COL6A1,0.940720759,0.026539272,21,45941068.39,1.020944838,0.973352071,1.07086469
16853_5_NRK1,ieu-b-18,multiple sclerosis || id:ieu-b-18,16853_5_NRK1,Inverse variance weighted,5,0.026522685,0.117764309,0.821809403,NRK1,0.998431193,0.000681859,9,74938574.17,1.026877542,0.815221551,1.293485782
16872_248_GSTZ1,ieu-b-18,multiple sclerosis || id:ieu-b-18,16872_248_GSTZ1,Inverse variance weighted,15,0.025584207,0.031352143,0.41448449,GSTZ1,0.943648483,0.025189754,14,77246387.9,1.025914291,0.964769569,1.090934215
16882_27_PHPT1,ieu-b-18,multiple sclerosis || id:ieu-b-18,16882_27_PHPT1,Inverse variance weighted,2,-0.087640109,0.089130109,0.325468241,PHPT1,0.902817555,0.044400005,9,136842968.7,0.91609051,0.769253187,1.090956577
16890_37_ADAMTSL1,ieu-b-18,multiple sclerosis || id:ieu-b-18,16890_37_ADAMTSL1,Inverse variance weighted,15,-0.040713935,0.044621333,0.361541311,ADAMTSL1,0.91472166,0.038711037,9,18576034.28,0.960103742,0.879702279,1.047853595
16892_23_ENPP2,ieu-b-18,multiple sclerosis || id:ieu-b-18,16892_23_ENPP2,Inverse variance weighted,3,0.145544259,0.092640752,0.116168513,ENPP2,0.758928934,0.119798889,8,119656729.8,1.156668927,0.964609798,1.386968088
16900_29_MDGA1,ieu-b-18,multiple sclerosis || id:ieu-b-18,16900_29_MDGA1,Inverse variance weighted,18,-0.031887203,0.023027395,0.166128685,MDGA1,0.773278821,0.111663884,6,37672999.37,0.968615833,0.925870506,1.013334614
16913_8_RNASET2,ieu-b-18,multiple sclerosis || id:ieu-b-18,16913_8_RNASET2,Inverse variance weighted,12,0.04499302,0.038875179,0.24712066,RNASET2,0.875947693,0.057521827,6,166909615.8,1.046020558,0.969279438,1.128837532
16914_104_CD14,ieu-b-18,multiple sclerosis || id:ieu-b-18,16914_104_CD14,Inverse variance weighted,3,-0.031749679,0.104114279,0.76040402,CD14,0.993478776,0.002841407,5,140510130.9,0.96874905,0.78992785,1.188051189
16915_153_SEMA4A,ieu-b-18,multiple sclerosis || id:ieu-b-18,16915_153_SEMA4A,Inverse variance weighted,3,-0.180725298,0.099379436,0.068981917,SEMA4A,0.670509189,0.173595266,1,156019170,0.834664611,0.686939543,1.01415768
16916_19_SLITRK6,ieu-b-18,multiple sclerosis || id:ieu-b-18,16916_19_SLITRK6,Inverse variance weighted,4,-0.120301798,0.082922515,0.146842906,SLITRK6,0.770087598,0.113459871,13,85664980.42,0.886652807,0.753647952,1.043130545
16918_198_TLR3,ieu-b-18,multiple sclerosis || id:ieu-b-18,16918_198_TLR3,Inverse variance weighted,17,-0.034477023,0.030962572,0.26549098,TLR3,0.886168581,0.052483652,4,186083904.7,0.966110537,0.909224115,1.02655611
16919_1_DBI,ieu-b-18,multiple sclerosis || id:ieu-b-18,16919_1_DBI,Inverse variance weighted,3,0.014639295,0.074749799,0.844732323,DBI,0.998431193,0.000681859,2,119381168.7,1.014746974,0.876454654,1.174859893
17138_8_GSTA1,ieu-b-18,multiple sclerosis || id:ieu-b-18,17138_8_GSTA1,Inverse variance weighted,9,-0.045923943,0.058823861,0.434977411,GSTA1,0.959950149,0.017751319,6,52845761.53,0.955114602,0.851105904,1.071833598
17140_57_PDGFD,ieu-b-18,multiple sclerosis || id:ieu-b-18,17140_57_PDGFD,Inverse variance weighted,9,0.021353542,0.043379278,0.622541119,PDGFD,0.977196122,0.010018265,11,104016208.4,1.02158316,0.93831474,1.112241031
17148_7_BLVRB,ieu-b-18,multiple sclerosis || id:ieu-b-18,17148_7_BLVRB,Inverse variance weighted,2,-0.150736612,0.373332645,0.686389561,BLVRB,0.993478776,0.002841407,19,40337225.46,0.860074202,0.413760243,1.787817087
17153_46_KIR2DL3,ieu-b-18,multiple sclerosis || id:ieu-b-18,17153_46_KIR2DL3,Inverse variance weighted,13,-0.147782944,0.075316922,0.049745263,KIR2DL3,0.607082941,0.216751971,19,54696005.71,0.862618331,0.744230774,0.999838237
17156_72_DCLK1,ieu-b-18,multiple sclerosis || id:ieu-b-18,17156_72_DCLK1,Inverse variance weighted,3,0.120134764,0.080253481,0.134408489,DCLK1,0.769556868,0.113759282,13,36001834.15,1.127648807,0.963519975,1.319735828
17161_1_DDOST,ieu-b-18,multiple sclerosis || id:ieu-b-18,17161_1_DDOST,Inverse variance weighted,2,0.338853672,0.457235519,0.458637544,DDOST,0.964143158,0.015858476,1,20668442.9,1.403337983,0.572737407,3.43849986
17164_15_ANXA4,ieu-b-18,multiple sclerosis || id:ieu-b-18,17164_15_ANXA4,Inverse variance weighted,3,-0.062057491,0.064741534,0.337789433,ANXA4,0.911860098,0.040071788,2,69615398.33,0.939828853,0.827827154,1.066983935
17210_2_TCL1A,ieu-b-18,multiple sclerosis || id:ieu-b-18,17210_2_TCL1A,Inverse variance weighted,4,-0.325678435,0.279279859,0.243559265,TCL1A,0.871367308,0.059798738,14,95872340.36,0.722037332,0.41766861,1.248209456
17224_12_OGN,ieu-b-18,multiple sclerosis || id:ieu-b-18,17224_12_OGN,Inverse variance weighted,3,-0.052267187,0.071815699,0.466738402,OGN,0.967772715,0.014226627,9,92462472.22,0.949075253,0.824460574,1.092525057
17231_1_LCP1,ieu-b-18,multiple sclerosis || id:ieu-b-18,17231_1_LCP1,Inverse variance weighted,3,0.28278719,0.151444061,0.061863674,LCP1,0.652129767,0.185665976,13,46015045.26,1.326822771,0.986054975,1.785355492
17325_10_GUK1,ieu-b-18,multiple sclerosis || id:ieu-b-18,17325_10_GUK1,Inverse variance weighted,2,-0.197241112,0.119138943,0.097811903,GUK1,0.729061051,0.137236103,1,228080189,0.820992658,0.650019159,1.036937042
17329_2_BDH2,ieu-b-18,multiple sclerosis || id:ieu-b-18,17329_2_BDH2,Inverse variance weighted,2,0.008525634,0.081527128,0.916713691,BDH2,0.998431193,0.000681859,4,103148068.6,1.008562081,0.859617688,1.183313798
17331_138_KREMEN1,ieu-b-18,multiple sclerosis || id:ieu-b-18,17331_138_KREMEN1,Inverse variance weighted,6,-0.009979145,0.086470974,0.908124466,KREMEN1,0.998431193,0.000681859,22,29053630.78,0.990070482,0.835719496,1.172928911
17333_20_ACADM,ieu-b-18,multiple sclerosis || id:ieu-b-18,17333_20_ACADM,Inverse variance weighted,2,-0.1150486,0.076830016,0.134277924,ACADM,0.769556868,0.113759282,1,75708663.2,0.891322825,0.766718599,1.036177262
17341_89_ACAT2,ieu-b-18,multiple sclerosis || id:ieu-b-18,17341_89_ACAT2,Inverse variance weighted,5,0.012905279,0.05715033,0.821346976,ACAT2,0.998431193,0.000681859,6,159839157.9,1.012988912,0.905643655,1.133057721
17343_6_SNPH,ieu-b-18,multiple sclerosis || id:ieu-b-18,17343_6_SNPH,Inverse variance weighted,3,-0.109413123,0.217181027,0.614410596,SNPH,0.977196122,0.010018265,20,1368281.55,0.896360034,0.585617791,1.371989245
17350_13_CHMP2B,ieu-b-18,multiple sclerosis || id:ieu-b-18,17350_13_CHMP2B,Inverse variance weighted,3,0.032739993,0.079867387,0.681857714,CHMP2B,0.993478776,0.002841407,3,87378770.6,1.033281844,0.883556458,1.208379338
17377_1_AKR1C3,ieu-b-18,multiple sclerosis || id:ieu-b-18,17377_1_AKR1C3,Inverse variance weighted,9,-0.04313284,0.101238229,0.670069305,AKR1C3,0.991777786,0.003585623,10,5095514.446,0.957784149,0.78540186,1.168001406
17383_4_STARD5,ieu-b-18,multiple sclerosis || id:ieu-b-18,17383_4_STARD5,Inverse variance weighted,4,0.000279883,0.050226261,0.995553862,STARD5,0.998431193,0.000681859,15,81381172.63,1.000279922,0.906500599,1.103760906
17384_110_PFKM,ieu-b-18,multiple sclerosis || id:ieu-b-18,17384_110_PFKM,Inverse variance weighted,3,-0.303510485,0.163580762,0.063536738,PFKM,0.652129767,0.185665976,12,48227677.85,0.738222149,0.535727963,1.017254985
17391_10_RBM17,ieu-b-18,multiple sclerosis || id:ieu-b-18,17391_10_RBM17,Inverse variance weighted,4,0.017468275,0.106877848,0.870170832,RBM17,0.998431193,0.000681859,10,5991156.291,1.017621738,0.825296712,1.254765693
17398_55_HMOX1,ieu-b-18,multiple sclerosis || id:ieu-b-18,17398_55_HMOX1,Inverse variance weighted,3,-0.184517923,0.180771312,0.307384417,HMOX1,0.902817555,0.044400005,22,35290553.99,0.831505036,0.583430644,1.185060525
17447_52_SFRP4,ieu-b-18,multiple sclerosis || id:ieu-b-18,17447_52_SFRP4,Inverse variance weighted,2,0.104842652,0.074933794,0.161771874,SFRP4,0.770087598,0.113459871,7,37948403.94,1.110535856,0.95884333,1.286226694
17456_53_GOLM1,ieu-b-18,multiple sclerosis || id:ieu-b-18,17456_53_GOLM1,Inverse variance weighted,4,0.020038102,0.130718088,0.87816762,GOLM1,0.998431193,0.000681859,9,86158764.25,1.020240212,0.789646936,1.318171506
17460_51_MX1,ieu-b-18,multiple sclerosis || id:ieu-b-18,17460_51_MX1,Inverse variance weighted,6,-0.030706285,0.070127452,0.661484897,MX1,0.987086271,0.005644889,21,41479398.01,0.969760365,0.845221893,1.112648848
17490_4_SH3BGRL3,ieu-b-18,multiple sclerosis || id:ieu-b-18,17490_4_SH3BGRL3,Inverse variance weighted,4,-0.011944833,0.068374693,0.861317958,SH3BGRL3,0.998431193,0.000681859,1,26346689.68,0.988126223,0.864192935,1.129832695
17513_11_ANXA11,ieu-b-18,multiple sclerosis || id:ieu-b-18,17513_11_ANXA11,Inverse variance weighted,4,0.097483275,0.098293591,0.321316486,ANXA11,0.902817555,0.044400005,10,80363143.3,1.102393004,0.909216387,1.336612882
17680_12_EPHB1,ieu-b-18,multiple sclerosis || id:ieu-b-18,17680_12_EPHB1,Inverse variance weighted,5,-0.022394852,0.045853581,0.625267106,EPHB1,0.977196122,0.010018265,3,135018994.9,0.977854051,0.893804801,1.069806902
17682_1_CD46,ieu-b-18,multiple sclerosis || id:ieu-b-18,17682_1_CD46,Inverse variance weighted,5,-0.033340412,0.093839282,0.722370319,CD46,0.993478776,0.002841407,1,207799414.4,0.967209253,0.804716365,1.162513626
17691_1_TPP1,ieu-b-18,multiple sclerosis || id:ieu-b-18,17691_1_TPP1,Inverse variance weighted,3,0.037575608,0.173527279,0.8285668,TPP1,0.998431193,0.000681859,11,6582308.777,1.038290497,0.738940512,1.458909262
17692_2_BTN3A3,ieu-b-18,multiple sclerosis || id:ieu-b-18,17692_2_BTN3A3,Inverse variance weighted,5,-0.050720642,0.03761689,0.177546625,BTN3A3,0.786668124,0.104208447,6,26418776.85,0.950544176,0.882982633,1.0232752
17694_32_PSME2,ieu-b-18,multiple sclerosis || id:ieu-b-18,17694_32_PSME2,Inverse variance weighted,3,0.368757563,0.22346669,0.098908597,PSME2,0.729061051,0.137236103,14,24021093.86,1.445937012,0.933105367,2.240619243
17702_53_UGT1A1,ieu-b-18,multiple sclerosis || id:ieu-b-18,17702_53_UGT1A1,Inverse variance weighted,2,-0.047126521,0.075202457,0.530880833,UGT1A1,0.977196122,0.010018265,2,233617689.2,0.953966694,0.823226967,1.105469681
17722_5_FKBP4,ieu-b-18,multiple sclerosis || id:ieu-b-18,17722_5_FKBP4,Inverse variance weighted,2,0.482422781,0.239451019,0.043935737,FKBP4,0.588534517,0.230228061,12,2791848.957,1.619994543,1.013184948,2.590230268
17737_7_IVD,ieu-b-18,multiple sclerosis || id:ieu-b-18,17737_7_IVD,Inverse variance weighted,2,0.153481598,0.205806247,0.455813782,IVD,0.964143158,0.015858476,15,40486184.71,1.165886332,0.778879722,1.745187224
17738_7_CRNN,ieu-b-18,multiple sclerosis || id:ieu-b-18,17738_7_CRNN,Inverse variance weighted,3,0.205860557,0.120239341,0.086880109,CRNN,0.729061051,0.137236103,1,152199889.6,1.228581875,0.970631342,1.555084159
17746_77_FIS1,ieu-b-18,multiple sclerosis || id:ieu-b-18,17746_77_FIS1,Inverse variance weighted,4,0.191490725,0.103507129,0.064310017,FIS1,0.652129767,0.185665976,7,101240174.4,1.211053601,0.988681297,1.483441458
17748_21_TP53I3,ieu-b-18,multiple sclerosis || id:ieu-b-18,17748_21_TP53I3,Inverse variance weighted,6,-0.015493697,0.049200137,0.752828722,TP53I3,0.993478776,0.002841407,2,23983919.52,0.984625712,0.894110449,1.084304288
17751_68_CRYBB1,ieu-b-18,multiple sclerosis || id:ieu-b-18,17751_68_CRYBB1,Inverse variance weighted,4,0.031571547,0.082240473,0.701057712,CRYBB1,0.993478776,0.002841407,22,26523794.78,1.032075215,0.878429364,1.212595221
17755_5_UGDH,ieu-b-18,multiple sclerosis || id:ieu-b-18,17755_5_UGDH,Inverse variance weighted,5,0.085553844,0.052536985,0.103429539,UGDH,0.729061051,0.137236103,4,39479595.3,1.089320213,0.982732181,1.207468881
17756_69_DCTD,ieu-b-18,multiple sclerosis || id:ieu-b-18,17756_69_DCTD,Inverse variance weighted,2,0.006893843,0.181384163,0.969682209,DCTD,0.998431193,0.000681859,4,182924302,1.00691766,0.705661855,1.43678331
17764_108_RHOC,ieu-b-18,multiple sclerosis || id:ieu-b-18,17764_108_RHOC,Inverse variance weighted,2,0.030099617,0.337388685,0.928912257,RHOC,0.998431193,0.000681859,1,112617418.1,1.03055719,0.53196254,1.996471634
17766_5_NCF1,ieu-b-18,multiple sclerosis || id:ieu-b-18,17766_5_NCF1,Inverse variance weighted,2,0.904641375,0.284680568,0.001484268,NCF1,0.081422706,1.089254471,7,74700784.28,2.471045585,1.414346322,4.317235593
17777_31_SDSL,ieu-b-18,multiple sclerosis || id:ieu-b-18,17777_31_SDSL,Inverse variance weighted,3,-0.0638293,0.133375518,0.632245745,SDSL,0.977196122,0.010018265,12,113453287.3,0.93816513,0.722350128,1.218458719
17782_23_ACAA1,ieu-b-18,multiple sclerosis || id:ieu-b-18,17782_23_ACAA1,Inverse variance weighted,6,0.002134471,0.111730788,0.984758384,ACAA1,0.998431193,0.000681859,3,38202305.46,1.002136751,0.805044379,1.247481621
17783_9_MMAB,ieu-b-18,multiple sclerosis || id:ieu-b-18,17783_9_MMAB,Inverse variance weighted,5,-0.005977279,0.035589254,0.866621207,MMAB,0.998431193,0.000681859,12,109460551.8,0.994040549,0.927064425,1.06585539
17786_5_GGPS1,ieu-b-18,multiple sclerosis || id:ieu-b-18,17786_5_GGPS1,Inverse variance weighted,2,0.101501741,0.173645877,0.558861787,GGPS1,0.977196122,0.010018265,1,235350386.5,1.106831845,0.787537588,1.555578745
17791_25_HPCAL1,ieu-b-18,multiple sclerosis || id:ieu-b-18,17791_25_HPCAL1,Inverse variance weighted,3,-0.060138818,0.265143742,0.820566895,HPCAL1,0.998431193,0.000681859,2,10342383.69,0.941633809,0.559998848,1.583350096
17794_6_PMM2,ieu-b-18,multiple sclerosis || id:ieu-b-18,17794_6_PMM2,Inverse variance weighted,5,0.062241536,0.096923012,0.52075956,PMM2,0.977196122,0.010018265,16,8777938.676,1.064219361,0.880093112,1.286867073
17799_9_PGLS,ieu-b-18,multiple sclerosis || id:ieu-b-18,17799_9_PGLS,Inverse variance weighted,2,0.158446808,0.182736915,0.385900326,PGLS,0.94043714,0.026670228,19,17406945.9,1.171689598,0.81896204,1.676337176
17802_4_NANS,ieu-b-18,multiple sclerosis || id:ieu-b-18,17802_4_NANS,Inverse variance weighted,2,0.15079749,0.155514963,0.332213268,NANS,0.911213534,0.040379839,9,98098044.29,1.162761163,0.857261873,1.577130123
17813_21_BPHL,ieu-b-18,multiple sclerosis || id:ieu-b-18,17813_21_BPHL,Inverse variance weighted,4,0.183241922,0.152867626,0.230645894,BPHL,0.86119953,0.064896216,6,3128725.14,1.201104947,0.890138131,1.620706994
17819_30_FAHD1,ieu-b-18,multiple sclerosis || id:ieu-b-18,17819_30_FAHD1,Inverse variance weighted,2,-0.009415728,0.097442504,0.923021381,FAHD1,0.998431193,0.000681859,16,1789717.428,0.990628461,0.818400842,1.199100365
17832_12_IDI2,ieu-b-18,multiple sclerosis || id:ieu-b-18,17832_12_IDI2,Inverse variance weighted,2,-0.070671285,0.120590985,0.557847832,IDI2,0.977196122,0.010018265,10,1041676.797,0.931768128,0.735628815,1.180203694
17836_17_S100A16,ieu-b-18,multiple sclerosis || id:ieu-b-18,17836_17_S100A16,Inverse variance weighted,3,0.090216755,0.090329932,0.317917233,S100A16,0.902817555,0.044400005,1,153506072.2,1.094411477,0.916833024,1.306384532
17856_23_NT5M,ieu-b-18,multiple sclerosis || id:ieu-b-18,17856_23_NT5M,Inverse variance weighted,2,0.235895516,0.135249746,0.081133361,NT5M,0.698584534,0.155781033,17,17419562.47,1.266042022,0.971228041,1.650346092
18173_11_AKR7A3,ieu-b-18,multiple sclerosis || id:ieu-b-18,18173_11_AKR7A3,Inverse variance weighted,13,-0.03675094,0.077145852,0.633801845,AKR7A3,0.977196122,0.010018265,1,19298176.17,0.963916178,0.828650496,1.121262105
18206_18_ADH6,ieu-b-18,multiple sclerosis || id:ieu-b-18,18206_18_ADH6,Inverse variance weighted,3,0.151463687,0.107070126,0.157179543,ADH6,0.770087598,0.113459871,4,99225464.94,1.163536049,0.943278449,1.435224286
18214_2_GCLM,ieu-b-18,multiple sclerosis || id:ieu-b-18,18214_2_GCLM,Inverse variance weighted,2,0.060502822,0.362276859,0.867364431,GCLM,0.998431193,0.000681859,1,93965690.93,1.062370596,0.522275621,2.160987873
18215_5_THG1L,ieu-b-18,multiple sclerosis || id:ieu-b-18,18215_5_THG1L,Inverse variance weighted,4,-0.039916762,0.043735647,0.36140952,THG1L,0.91472166,0.038711037,5,157788296.5,0.960869416,0.881933493,1.046870363
18216_22_IL11RA,ieu-b-18,multiple sclerosis || id:ieu-b-18,18216_22_IL11RA,Inverse variance weighted,5,-0.142585809,0.093091041,0.125601091,IL11RA,0.769556868,0.113759282,9,34683802.21,0.867113145,0.722495383,1.040678215
18218_48_CNRIP1,ieu-b-18,multiple sclerosis || id:ieu-b-18,18218_48_CNRIP1,Inverse variance weighted,13,0.095975384,0.051921389,0.064533675,CNRIP1,0.652129767,0.185665976,2,68211904.78,1.100731968,0.994226194,1.218647097
18222_34_SH3GLB2,ieu-b-18,multiple sclerosis || id:ieu-b-18,18222_34_SH3GLB2,Inverse variance weighted,6,0.011856052,0.046657056,0.799410133,SH3GLB2,0.994202846,0.002524998,9,128989580.1,1.011926613,0.923493259,1.108828311
18225_13_HEBP1,ieu-b-18,multiple sclerosis || id:ieu-b-18,18225_13_HEBP1,Inverse variance weighted,10,0.023367849,0.02945178,0.42752885,HEBP1,0.95789563,0.018681808,12,13041160.98,1.023643016,0.966225883,1.084472113
18241_18_CPOX,ieu-b-18,multiple sclerosis || id:ieu-b-18,18241_18_CPOX,Inverse variance weighted,4,0.000867487,0.117060718,0.994087274,CPOX,0.998431193,0.000681859,3,98571323.23,1.000867863,0.795669388,1.258985823
18280_29_DTD2,ieu-b-18,multiple sclerosis || id:ieu-b-18,18280_29_DTD2,Inverse variance weighted,2,0.054496066,0.130517769,0.676285286,DTD2,0.993478776,0.002841407,14,31380752.33,1.056008322,0.817651754,1.363849059
18289_16_CCL15,ieu-b-18,multiple sclerosis || id:ieu-b-18,18289_16_CCL15,Inverse variance weighted,8,0.014271553,0.034023857,0.674881999,CCL15,0.992929837,0.003081439,17,35999372.88,1.014373878,0.948934781,1.084325693
18295_102_GRHPR,ieu-b-18,multiple sclerosis || id:ieu-b-18,18295_102_GRHPR,Inverse variance weighted,2,-0.008090429,0.065811478,0.902159834,GRHPR,0.998431193,0.000681859,9,37418388.5,0.99194221,0.871899664,1.128512132
18310_26_SEPW1,ieu-b-18,multiple sclerosis || id:ieu-b-18,18310_26_SEPW1,Inverse variance weighted,6,-0.044194724,0.138124719,0.748996795,SEPW1,0.993478776,0.002841407,19,47771096.2,0.956767634,0.729847864,1.254239892
18313_4_ASRGL1,ieu-b-18,multiple sclerosis || id:ieu-b-18,18313_4_ASRGL1,Inverse variance weighted,4,0.083405959,0.077675871,0.282926132,ASRGL1,0.889636358,0.050787476,11,62241869.28,1.086982989,0.933477193,1.265732069
18315_38_RTP4,ieu-b-18,multiple sclerosis || id:ieu-b-18,18315_38_RTP4,Inverse variance weighted,5,0.059632268,0.053565367,0.265596078,RTP4,0.886168581,0.052483652,3,187292705.1,1.061446147,0.95565735,1.17894549
18330_7_PGM2,ieu-b-18,multiple sclerosis || id:ieu-b-18,18330_7_PGM2,Inverse variance weighted,3,-0.018250953,0.089864092,0.839060733,PGM2,0.998431193,0.000681859,4,37954127.06,0.981914587,0.823341208,1.171028787
18340_2_PSMB4,ieu-b-18,multiple sclerosis || id:ieu-b-18,18340_2_PSMB4,Inverse variance weighted,6,0.063520227,0.043788392,0.146886277,PSMB4,0.770087598,0.113459871,1,151528509.1,1.065581039,0.977941897,1.161074041
18342_2_PSAT1,ieu-b-18,multiple sclerosis || id:ieu-b-18,18342_2_PSAT1,Inverse variance weighted,2,0.211652245,0.151112359,0.161325257,PSAT1,0.770087598,0.113459871,9,78226281.19,1.235718084,0.918945944,1.661685535
18343_10_DECR2,ieu-b-18,multiple sclerosis || id:ieu-b-18,18343_10_DECR2,Inverse variance weighted,13,-0.007275672,0.039544786,0.854024743,DECR2,0.998431193,0.000681859,16,444403.1677,0.992750732,0.918711208,1.072757148
18381_16_ALDH2,ieu-b-18,multiple sclerosis || id:ieu-b-18,18381_16_ALDH2,Inverse variance weighted,2,0.548821468,0.205163592,0.007471963,ALDH2,0.226518444,0.64489643,12,111348662.2,1.731211526,1.158007467,2.588146824
18397_5_AKR1C4,ieu-b-18,multiple sclerosis || id:ieu-b-18,18397_5_AKR1C4,Inverse variance weighted,16,0.028745117,0.034547644,0.405384814,AKR1C4,0.940720759,0.026539272,10,5180350.105,1.029162245,0.96178123,1.101263876
18401_18_ALKBH3,ieu-b-18,multiple sclerosis || id:ieu-b-18,18401_18_ALKBH3,Inverse variance weighted,6,-0.051380074,0.068482214,0.453092781,ALKBH3,0.964143158,0.015858476,11,43927635.64,0.949917563,0.830601441,1.086373478
18432_32_RALB,ieu-b-18,multiple sclerosis || id:ieu-b-18,18432_32_RALB,Inverse variance weighted,2,0.130372591,0.089127767,0.143532882,RALB,0.769556868,0.113759282,2,120304656.5,1.139252779,0.956649855,1.356710492
18435_40_UBXN2B,ieu-b-18,multiple sclerosis || id:ieu-b-18,18435_40_UBXN2B,Inverse variance weighted,2,0.086657069,0.236673801,0.71425644,UBXN2B,0.993478776,0.002841407,8,58123231.04,1.090522641,0.685762732,1.734185272
18819_21_PPIC,ieu-b-18,multiple sclerosis || id:ieu-b-18,18819_21_PPIC,Inverse variance weighted,8,0.079714529,0.038776455,0.039807037,PPIC,0.549483956,0.260044984,5,123050071.9,1.082977865,1.003719578,1.168494748
18830_1_ITLN1,ieu-b-18,multiple sclerosis || id:ieu-b-18,18830_1_ITLN1,Inverse variance weighted,2,-0.819766228,0.205700956,6.74E-05,ITLN1,0.011094411,1.954895758,1,161030819.2,0.440534627,0.294363435,0.659289621
18831_6_LRIG1,ieu-b-18,multiple sclerosis || id:ieu-b-18,18831_6_LRIG1,Inverse variance weighted,14,0.030809134,0.034437932,0.370986041,LRIG1,0.920337668,0.036052802,3,66450568.74,1.031288647,0.963975681,1.103301976
18832_65_SAA2,ieu-b-18,multiple sclerosis || id:ieu-b-18,18832_65_SAA2,Inverse variance weighted,9,-0.024804691,0.042201516,0.556688182,SAA2,0.977196122,0.010018265,11,18341569.05,0.975500417,0.898058863,1.059619924
18839_24_TG,ieu-b-18,multiple sclerosis || id:ieu-b-18,18839_24_TG,Inverse variance weighted,2,-0.204321112,0.189782328,0.28165557,TG,0.889636358,0.050787476,8,132992113.7,0.815200558,0.561976933,1.182525316
18841_1_SERPINB13,ieu-b-18,multiple sclerosis || id:ieu-b-18,18841_1_SERPINB13,Inverse variance weighted,4,0.06620111,0.162214414,0.683193888,SERPINB13,0.993478776,0.002841407,18,63557961.16,1.06844157,0.777447516,1.468352995
18864_7_PRSS3,ieu-b-18,multiple sclerosis || id:ieu-b-18,18864_7_PRSS3,Inverse variance weighted,6,-0.020759321,0.06048335,0.731430147,PRSS3,0.993478776,0.002841407,9,33707067.07,0.97945467,0.869961182,1.102729031
18871_24_AIF1L,ieu-b-18,multiple sclerosis || id:ieu-b-18,18871_24_AIF1L,Inverse variance weighted,11,0.033046287,0.065060593,0.611501789,AIF1L,0.977196122,0.010018265,9,131115896.3,1.03359838,0.909852777,1.174174151
18875_125_COL2A1,ieu-b-18,multiple sclerosis || id:ieu-b-18,18875_125_COL2A1,Inverse variance weighted,9,0.024161091,0.02890475,0.403218732,COL2A1,0.940720759,0.026539272,12,47918680.08,1.024455335,0.968029983,1.084169656
18878_15_GREM1,ieu-b-18,multiple sclerosis || id:ieu-b-18,18878_15_GREM1,Inverse variance weighted,12,-0.01687723,0.031969413,0.597556209,GREM1,0.977196122,0.010018265,15,32820079.39,0.983264392,0.923543591,1.04684703
18880_81_COL3A1,ieu-b-18,multiple sclerosis || id:ieu-b-18,18880_81_COL3A1,Inverse variance weighted,2,0.008978105,0.343224521,0.979131226,COL3A1,0.998431193,0.000681859,2,189138970.4,1.009018529,0.514920914,1.977232553
18881_7_CD97,ieu-b-18,multiple sclerosis || id:ieu-b-18,18881_7_CD97,Inverse variance weighted,2,-0.197770369,0.348207027,0.570056852,CD97,0.977196122,0.010018265,19,14312955.8,0.820558257,0.414676682,1.62371284
18882_7_CLSTN2,ieu-b-18,multiple sclerosis || id:ieu-b-18,18882_7_CLSTN2,Inverse variance weighted,8,-0.106651771,0.065359641,0.102728371,CLSTN2,0.729061051,0.137236103,3,140133656.8,0.89883862,0.790763245,1.021684899
18884_22_DNAJB4,ieu-b-18,multiple sclerosis || id:ieu-b-18,18884_22_DNAJB4,Inverse variance weighted,4,-0.115594486,0.089802655,0.198022612,DNAJB4,0.817337459,0.087598597,1,77925236.54,0.890836397,0.747061559,1.062281249
18891_98_GBP2,ieu-b-18,multiple sclerosis || id:ieu-b-18,18891_98_GBP2,Inverse variance weighted,2,0.045800458,0.23404506,0.84485221,GBP2,0.998431193,0.000681859,1,89118757.38,1.046865496,0.661710017,1.656204894
18893_26_GPR56,ieu-b-18,multiple sclerosis || id:ieu-b-18,18893_26_GPR56,Inverse variance weighted,2,-0.212988542,0.169244295,0.208222525,GPR56,0.828248534,0.081839324,16,57631258.42,0.808165397,0.580011493,1.12606615
18895_54_GSTM4,ieu-b-18,multiple sclerosis || id:ieu-b-18,18895_54_GSTM4,Inverse variance weighted,13,-0.017439987,0.032477822,0.591280434,GSTM4,0.977196122,0.010018265,1,109748141.3,0.982711209,0.922104688,1.047301172
18896_23_HS6ST3,ieu-b-18,multiple sclerosis || id:ieu-b-18,18896_23_HS6ST3,Inverse variance weighted,3,-0.14458909,0.146768347,0.324549551,HS6ST3,0.902817555,0.044400005,13,96452589.91,0.865377812,0.649043816,1.153818493
18916_25_ITPA,ieu-b-18,multiple sclerosis || id:ieu-b-18,18916_25_ITPA,Inverse variance weighted,12,-0.056691401,0.032437263,0.080511732,ITPA,0.698584534,0.155781033,20,3150668.169,0.944885615,0.886682387,1.006909394
18917_53_AMY2A,ieu-b-18,multiple sclerosis || id:ieu-b-18,18917_53_AMY2A,Inverse variance weighted,5,0.005297973,0.132731491,0.968160922,AMY2A,0.998431193,0.000681859,1,103700036.1,1.005312032,0.775028288,1.304019862
18930_28_SLIT2,ieu-b-18,multiple sclerosis || id:ieu-b-18,18930_28_SLIT2,Inverse variance weighted,3,0.008923808,0.147152,0.951643152,SLIT2,0.998431193,0.000681859,4,19952729.25,1.008963744,0.75616618,1.346275282
19115_13_CMBL,ieu-b-18,multiple sclerosis || id:ieu-b-18,19115_13_CMBL,Inverse variance weighted,3,0.051055286,0.096743857,0.59768208,CMBL,0.977196122,0.010018265,5,10325953.5,1.052381074,0.870608685,1.272105302
19117_3_PPP1R14A,ieu-b-18,multiple sclerosis || id:ieu-b-18,19117_3_PPP1R14A,Inverse variance weighted,2,-0.077641423,0.111257578,0.485269199,PPP1R14A,0.973425835,0.011697132,19,38289833.48,0.925296157,0.744005928,1.150760963
19129_15_MTHFSD,ieu-b-18,multiple sclerosis || id:ieu-b-18,19129_15_MTHFSD,Inverse variance weighted,14,0.056149264,0.043506884,0.196848168,MTHFSD,0.817337459,0.087598597,16,86499572.74,1.057755557,0.971295793,1.151911524
19130_81_SERPINB8,ieu-b-18,multiple sclerosis || id:ieu-b-18,19130_81_SERPINB8,Inverse variance weighted,3,-0.197814901,0.189604728,0.296808669,SERPINB8,0.899798913,0.045854536,18,63936611.72,0.820521717,0.565842126,1.189829914
19135_5_NT5C3L,ieu-b-18,multiple sclerosis || id:ieu-b-18,19135_5_NT5C3L,Inverse variance weighted,10,-0.065948661,0.06734538,0.327451351,NT5C3L,0.902817555,0.044400005,17,41859032.45,0.936178925,0.820414477,1.068278297
19143_38_CYB5R2,ieu-b-18,multiple sclerosis || id:ieu-b-18,19143_38_CYB5R2,Inverse variance weighted,10,0.028932758,0.072896691,0.691440585,CYB5R2,0.993478776,0.002841407,11,7631925.006,1.029355376,0.892307249,1.187452519
19153_53_MPPED2,ieu-b-18,multiple sclerosis || id:ieu-b-18,19153_53_MPPED2,Inverse variance weighted,2,-0.160140394,0.132128075,0.225509001,MPPED2,0.854560423,0.068257224,11,30540325.52,0.852024162,0.657630917,1.103879324
19154_41_SERPINE2,ieu-b-18,multiple sclerosis || id:ieu-b-18,19154_41_SERPINE2,Inverse variance weighted,9,-0.034215108,0.033836121,0.311920386,SERPINE2,0.902817555,0.044400005,2,223958693.7,0.966363609,0.90435445,1.03262457
19161_1_USP15,ieu-b-18,multiple sclerosis || id:ieu-b-18,19161_1_USP15,Inverse variance weighted,2,-0.030434824,0.115235942,0.791696096,USP15,0.993478776,0.002841407,12,62311353.75,0.970023652,0.773911874,1.215830791
19173_5_ZFAND1,ieu-b-18,multiple sclerosis || id:ieu-b-18,19173_5_ZFAND1,Inverse variance weighted,4,0.096813953,0.150399422,0.519762031,ZFAND1,0.977196122,0.010018265,8,81709979.44,1.101655395,0.820395356,1.479341151
19194_9_DTD1,ieu-b-18,multiple sclerosis || id:ieu-b-18,19194_9_DTD1,Inverse variance weighted,2,-0.103876421,0.082889404,0.210135479,DTD1,0.828877348,0.081509729,20,18639486.46,0.901336677,0.766178848,1.060337031
19223_6_RAB1A,ieu-b-18,multiple sclerosis || id:ieu-b-18,19223_6_RAB1A,Inverse variance weighted,2,-0.364304881,0.269426633,0.176327741,RAB1A,0.786668124,0.104208447,2,65128412.72,0.694679368,0.409679111,1.177944913
19237_17_DDT,ieu-b-18,multiple sclerosis || id:ieu-b-18,19237_17_DDT,Inverse variance weighted,3,0.071624676,0.229220818,0.754683204,DDT,0.993478776,0.002841407,22,23956856.57,1.074252076,0.685471657,1.683537911
19241_31_RBP5,ieu-b-18,multiple sclerosis || id:ieu-b-18,19241_31_RBP5,Inverse variance weighted,2,-0.126417916,0.106790295,0.236493857,RBP5,0.86119953,0.064896216,12,7065963.171,0.881246483,0.7148183,1.08642345
19251_56_SRGN,ieu-b-18,multiple sclerosis || id:ieu-b-18,19251_56_SRGN,Inverse variance weighted,4,0.197614544,0.19478466,0.31033075,SRGN,0.902817555,0.044400005,10,69252708.7,1.218492627,0.831799884,1.784953702
19254_125_GMPR,ieu-b-18,multiple sclerosis || id:ieu-b-18,19254_125_GMPR,Inverse variance weighted,24,0.007050237,0.019730614,0.720848693,GMPR,0.993478776,0.002841407,6,16240233.56,1.007075149,0.968872973,1.046783617
19267_14_HAGH,ieu-b-18,multiple sclerosis || id:ieu-b-18,19267_14_HAGH,Inverse variance weighted,2,-0.002793072,0.080055484,0.97216809,HAGH,0.998431193,0.000681859,16,1694434.809,0.997210825,0.852397918,1.16662583
19273_3_GSR,ieu-b-18,multiple sclerosis || id:ieu-b-18,19273_3_GSR,Inverse variance weighted,4,0.051096137,0.101947738,0.616230851,GSR,0.977196122,0.010018265,8,30606282.41,1.052424065,0.861809157,1.285199171
19277_4_TSTD1,ieu-b-18,multiple sclerosis || id:ieu-b-18,19277_4_TSTD1,Inverse variance weighted,3,0.032670346,0.217731665,0.880726221,TSTD1,0.998431193,0.000681859,1,160972234.1,1.033209881,0.674297603,1.58316247
19289_29_UROD,ieu-b-18,multiple sclerosis || id:ieu-b-18,19289_29_UROD,Inverse variance weighted,4,0.062190162,0.095050636,0.512928498,UROD,0.977196122,0.010018265,1,44865311.04,1.064164689,0.883283484,1.282087243
19361_78_MATN3,ieu-b-18,multiple sclerosis || id:ieu-b-18,19361_78_MATN3,Inverse variance weighted,12,0.043079638,0.033050144,0.192416768,MATN3,0.808993125,0.092055169,2,19995141.55,1.044021035,0.978535077,1.113889473
19372_7_MDGA2,ieu-b-18,multiple sclerosis || id:ieu-b-18,19372_7_MDGA2,Inverse variance weighted,13,-0.062953272,0.049202284,0.200728546,MDGA2,0.819997463,0.086187491,14,47359584.56,0.938987349,0.85266397,1.034050075
19377_14_OLFM2,ieu-b-18,multiple sclerosis || id:ieu-b-18,19377_14_OLFM2,Inverse variance weighted,12,-0.012351889,0.038445215,0.747994072,OLFM2,0.993478776,0.002841407,19,9992905.064,0.987724083,0.916031515,1.065027619
19437_61_VEGFA,ieu-b-18,multiple sclerosis || id:ieu-b-18,19437_61_VEGFA,Inverse variance weighted,14,0.001204421,0.050723591,0.981056181,VEGFA,0.998431193,0.000681859,6,43938907.84,1.001205146,0.906455066,1.105859278
19446_1_GMPR2,ieu-b-18,multiple sclerosis || id:ieu-b-18,19446_1_GMPR2,Inverse variance weighted,2,0.22893163,0.093400153,0.014242667,GMPR2,0.352524259,0.452810992,14,24114464.09,1.257256078,1.046935505,1.509828292
19448_104_UPP1,ieu-b-18,multiple sclerosis || id:ieu-b-18,19448_104_UPP1,Inverse variance weighted,2,0.008950555,0.178927972,0.960103876,UPP1,0.998431193,0.000681859,7,48010571.32,1.008990731,0.710527043,1.432826949
19482_11_HDHD3,ieu-b-18,multiple sclerosis || id:ieu-b-18,19482_11_HDHD3,Inverse variance weighted,3,0.140435818,0.089938261,0.118413104,HDHD3,0.762983909,0.117484621,9,113375846.5,1.150775218,0.964791586,1.37261106
19523_215_PARK7,ieu-b-18,multiple sclerosis || id:ieu-b-18,19523_215_PARK7,Inverse variance weighted,2,-0.080093356,0.215763419,0.710481755,PARK7,0.993478776,0.002841407,1,7994394.7,0.923030172,0.604720048,1.408891106
19556_12_CR1,ieu-b-18,multiple sclerosis || id:ieu-b-18,19556_12_CR1,Inverse variance weighted,10,0.188203111,0.064238262,0.003392168,CR1,0.139563465,0.855228258,1,207495644.6,1.207078662,1.064277449,1.369040466
19557_3_KLB,ieu-b-18,multiple sclerosis || id:ieu-b-18,19557_3_KLB,Inverse variance weighted,11,-0.051042125,0.031491492,0.105055672,KLB,0.729061051,0.137236103,4,39385169.27,0.950238641,0.893360173,1.010738448
19558_10_LRP4,ieu-b-18,multiple sclerosis || id:ieu-b-18,19558_10_LRP4,Inverse variance weighted,3,0.068593718,0.068336199,0.315490252,LRP4,0.902817555,0.044400005,11,46846192.95,1.071000993,0.936744013,1.224500088
19561_216_PLXND1,ieu-b-18,multiple sclerosis || id:ieu-b-18,19561_216_PLXND1,Inverse variance weighted,3,0.027073653,0.078744854,0.730985504,PLXND1,0.993478776,0.002841407,3,129555064.9,1.027443474,0.880499199,1.198910907
19563_3_SEZ6L,ieu-b-18,multiple sclerosis || id:ieu-b-18,19563_3_SEZ6L,Inverse variance weighted,4,-0.074047075,0.14200166,0.602051811,SEZ6L,0.977196122,0.010018265,22,26206254.52,0.928627978,0.703019726,1.226636877
19581_15_IGFBP5,ieu-b-18,multiple sclerosis || id:ieu-b-18,19581_15_IGFBP5,Inverse variance weighted,2,-0.010726777,0.312880004,0.972650686,IGFBP5,0.998431193,0.000681859,2,216746130.1,0.98933055,0.535812183,1.826712732
19590_46_SFTPD,ieu-b-18,multiple sclerosis || id:ieu-b-18,19590_46_SFTPD,Inverse variance weighted,7,-0.021704079,0.037593256,0.563710006,SFTPD,0.977196122,0.010018265,10,79983909.02,0.97852976,0.909021203,1.053353309
19606_28_IHH,ieu-b-18,multiple sclerosis || id:ieu-b-18,19606_28_IHH,Inverse variance weighted,2,-0.001585459,0.383081579,0.996697806,IHH,0.998431193,0.000681859,2,219192617.2,0.998415797,0.471222285,2.115422245
19614_8_TCN1,ieu-b-18,multiple sclerosis || id:ieu-b-18,19614_8_TCN1,Inverse variance weighted,7,-0.186345449,0.067693647,0.00590923,TCN1,0.208359761,0.681186149,11,59887837.82,0.829986827,0.72685738,0.947748695
19617_5_PTGR1,ieu-b-18,multiple sclerosis || id:ieu-b-18,19617_5_PTGR1,Inverse variance weighted,11,0.049462523,0.029454217,0.093093212,PTGR1,0.729061051,0.137236103,9,111634514.5,1.050706215,0.991766342,1.113148836
19631_13_KNG1,ieu-b-18,multiple sclerosis || id:ieu-b-18,19631_13_KNG1,Inverse variance weighted,3,0.056931565,0.062419944,0.361730123,KNG1,0.91472166,0.038711037,3,186716462.2,1.058583364,0.936681916,1.196349283
2190_55_F11,ieu-b-18,multiple sclerosis || id:ieu-b-18,2190_55_F11,Inverse variance weighted,8,-0.04412794,0.04830149,0.360930338,F11,0.91472166,0.038711037,4,186315635.7,0.956831532,0.870403084,1.05184207
2201_17_COL18A1,ieu-b-18,multiple sclerosis || id:ieu-b-18,2201_17_COL18A1,Inverse variance weighted,7,-0.127536307,0.105134064,0.22509823,COL18A1,0.854560423,0.068257224,21,45514487.64,0.880261456,0.716340926,1.081691974
2212_69_PLAT,ieu-b-18,multiple sclerosis || id:ieu-b-18,2212_69_PLAT,Inverse variance weighted,5,-0.14858405,0.102577694,0.147476557,PLAT,0.770087598,0.113459871,8,42077233.29,0.86192756,0.704944411,1.05386908
2278_61_TIMP2,ieu-b-18,multiple sclerosis || id:ieu-b-18,2278_61_TIMP2,Inverse variance weighted,2,-0.195691125,0.178855445,0.273897925,TIMP2,0.889636358,0.050787476,17,78901535.43,0.822266173,0.57911871,1.167500976
2381_52_C5,ieu-b-18,multiple sclerosis || id:ieu-b-18,2381_52_C5,Inverse variance weighted,2,-0.040422489,0.180223822,0.822531278,C5,0.998431193,0.000681859,9,121080744.6,0.960383602,0.67458258,1.367270207
2418_55_APOE,ieu-b-18,multiple sclerosis || id:ieu-b-18,2418_55_APOE,Inverse variance weighted,10,0.275371919,0.106490125,0.009712747,APOE,0.279727124,0.553265419,19,44936859.83,1.317020409,1.068922652,1.622701844
2421_7_BDNF,ieu-b-18,multiple sclerosis || id:ieu-b-18,2421_7_BDNF,Inverse variance weighted,2,0.403533315,0.336952533,0.231073977,BDNF,0.86119953,0.064896216,11,27744651.25,1.497105107,0.773450465,2.897824492
2436_49_CXCL16,ieu-b-18,multiple sclerosis || id:ieu-b-18,2436_49_CXCL16,Inverse variance weighted,5,-0.013595491,0.100791739,0.892701251,CXCL16,0.998431193,0.000681859,17,4687423.552,0.98649651,0.809654796,1.201963318
2474_54_APCS,ieu-b-18,multiple sclerosis || id:ieu-b-18,2474_54_APCS,Inverse variance weighted,4,-0.002798166,0.125328306,0.982187358,APCS,0.998431193,0.000681859,1,159621664.9,0.997205745,0.780015377,1.274871402
2480_58_TIMP3,ieu-b-18,multiple sclerosis || id:ieu-b-18,2480_58_TIMP3,Inverse variance weighted,19,-0.019384021,0.027695079,0.483984444,TIMP3,0.973425835,0.011697132,22,32776042.03,0.980802641,0.928981573,1.035514426
2515_14_GFRA2,ieu-b-18,multiple sclerosis || id:ieu-b-18,2515_14_GFRA2,Inverse variance weighted,14,0.000853499,0.037306579,0.981747606,GFRA2,0.998431193,0.000681859,8,21690084.04,1.000853863,0.930282109,1.076779234
2516_57_CCL21,ieu-b-18,multiple sclerosis || id:ieu-b-18,2516_57_CCL21,Inverse variance weighted,3,-0.287426073,0.136797837,0.035632101,CCL21,0.54947895,0.260048941,9,34792447.14,0.750192024,0.573756704,0.980882785
2571_12_IGFBP3,ieu-b-18,multiple sclerosis || id:ieu-b-18,2571_12_IGFBP3,Inverse variance weighted,3,0.075091806,0.146088222,0.607240221,IGFBP3,0.977196122,0.010018265,7,45932217.43,1.077983111,0.809578846,1.435372965
2580_83_MPO,ieu-b-18,multiple sclerosis || id:ieu-b-18,2580_83_MPO,Inverse variance weighted,9,0.014259709,0.09506008,0.880758828,MPO,0.998431193,0.000681859,17,58125564.96,1.014361864,0.841930299,1.222108281
2590_69_ROR1,ieu-b-18,multiple sclerosis || id:ieu-b-18,2590_69_ROR1,Inverse variance weighted,7,0.005844296,0.065267756,0.928650073,ROR1,0.998431193,0.000681859,1,64119810.17,1.005861407,0.885077112,1.143128838
2597_8_VEGFA,ieu-b-18,multiple sclerosis || id:ieu-b-18,2597_8_VEGFA,Inverse variance weighted,5,-0.027482255,0.079772478,0.730464299,VEGFA,0.993478776,0.002841407,6,43907288.3,0.972891947,0.832071994,1.137544283
2602_2_ANGPT2,ieu-b-18,multiple sclerosis || id:ieu-b-18,2602_2_ANGPT2,Inverse variance weighted,3,0.076244343,0.125412398,0.543221293,ANGPT2,0.977196122,0.010018265,8,6392253.151,1.079226244,0.844032771,1.379957421
2609_59_CST3,ieu-b-18,multiple sclerosis || id:ieu-b-18,2609_59_CST3,Inverse variance weighted,3,-0.158663201,0.072703401,0.029084793,CST3,0.523526278,0.281061514,20,23569171.52,0.853283696,0.739957988,0.98396541
2611_72_TYRO3,ieu-b-18,multiple sclerosis || id:ieu-b-18,2611_72_TYRO3,Inverse variance weighted,2,0.102482876,0.141739377,0.469656882,TYRO3,0.967772715,0.014226627,15,41351246.36,1.10791833,0.839183149,1.462711719
2615_60_EFNA5,ieu-b-18,multiple sclerosis || id:ieu-b-18,2615_60_EFNA5,Inverse variance weighted,6,0.067542392,0.095886027,0.481181926,EFNA5,0.973425835,0.011697132,5,107496073.7,1.069875613,0.886570862,1.291079907
2620_4_IL6ST,ieu-b-18,multiple sclerosis || id:ieu-b-18,2620_4_IL6ST,Inverse variance weighted,5,-0.053246074,0.078572648,0.497982991,IL6ST,0.973425835,0.011697132,5,56098270.77,0.94814667,0.812817669,1.106007093
2631_50_IL10RB,ieu-b-18,multiple sclerosis || id:ieu-b-18,2631_50_IL10RB,Inverse variance weighted,2,-0.221004957,0.220467809,0.316132868,IL10RB,0.902817555,0.044400005,21,33273726.54,0.801712706,0.520418563,1.235050609
2637_77_MRC1,ieu-b-18,multiple sclerosis || id:ieu-b-18,2637_77_MRC1,Inverse variance weighted,11,-0.011609819,0.061416533,0.85006609,MRC1,0.998431193,0.000681859,10,17876789.61,0.988457315,0.876353067,1.114902086
2652_15_PLAUR,ieu-b-18,multiple sclerosis || id:ieu-b-18,2652_15_PLAUR,Inverse variance weighted,4,-0.470580376,0.150101673,0.001718087,PLAUR,0.089965294,1.045924994,19,43684844.08,0.624639637,0.465436476,0.838298449
2658_27_NTRK3,ieu-b-18,multiple sclerosis || id:ieu-b-18,2658_27_NTRK3,Inverse variance weighted,8,-0.142652037,0.079740522,0.073622404,NTRK3,0.695188606,0.157897355,15,87951779.22,0.86705572,0.741601339,1.013732827
2665_26_TNFRSF17,ieu-b-18,multiple sclerosis || id:ieu-b-18,2665_26_TNFRSF17,Inverse variance weighted,2,0.169662727,0.14656338,0.247024639,TNFRSF17,0.875947693,0.057521827,16,11897767.77,1.184905148,0.889050271,1.579213521
2677_1_EGFR,ieu-b-18,multiple sclerosis || id:ieu-b-18,2677_1_EGFR,Inverse variance weighted,4,0.057155387,0.112998334,0.612991901,EGFR,0.977196122,0.010018265,7,55122989.98,1.058820325,0.848469325,1.32132117
2687_2_MIA,ieu-b-18,multiple sclerosis || id:ieu-b-18,2687_2_MIA,Inverse variance weighted,11,0.010873874,0.029684504,0.714130165,MIA,0.993478776,0.002841407,19,40818614.83,1.01093321,0.953793818,1.071495679
2692_74_PLA2G2A,ieu-b-18,multiple sclerosis || id:ieu-b-18,2692_74_PLA2G2A,Inverse variance weighted,15,-0.02908237,0.027585358,0.291760066,PLA2G2A,0.890498002,0.05036705,1,19971265.93,0.971336452,0.920213407,1.02529967
2705_5_CCL25,ieu-b-18,multiple sclerosis || id:ieu-b-18,2705_5_CCL25,Inverse variance weighted,12,-0.06103298,0.035970296,0.089741934,CCL25,0.729061051,0.137236103,19,8041551.021,0.940792212,0.876748799,1.009513771
2730_58_MICA,ieu-b-18,multiple sclerosis || id:ieu-b-18,2730_58_MICA,Inverse variance weighted,16,0.02266718,0.115297834,0.844143114,MICA,0.998431193,0.000681859,6,31360346.38,1.022926032,0.816019868,1.282294351
2731_29_POR,ieu-b-18,multiple sclerosis || id:ieu-b-18,2731_29_POR,Inverse variance weighted,4,-0.179642733,0.099090464,0.069844707,POR,0.670509189,0.173595266,7,75916281.82,0.835568679,0.688073206,1.014681303
2741_22_SIGLEC6,ieu-b-18,multiple sclerosis || id:ieu-b-18,2741_22_SIGLEC6,Inverse variance weighted,22,0.010261276,0.031426422,0.744032878,SIGLEC6,0.993478776,0.002841407,19,51502747.05,1.010314103,0.949960844,1.074501747
2742_68_SIGLEC7,ieu-b-18,multiple sclerosis || id:ieu-b-18,2742_68_SIGLEC7,Inverse variance weighted,5,-0.076242891,0.080359965,0.342739082,SIGLEC7,0.911860098,0.040071788,19,51242533.05,0.926591119,0.79156093,1.084655735
2743_5_SHH,ieu-b-18,multiple sclerosis || id:ieu-b-18,2743_5_SHH,Inverse variance weighted,3,-0.042518181,0.163129884,0.7943701,SHH,0.993478776,0.002841407,7,155858942.6,0.958373041,0.696106402,1.319451858
2750_3_APOA1,ieu-b-18,multiple sclerosis || id:ieu-b-18,2750_3_APOA1,Inverse variance weighted,8,0.150835312,0.1261283,0.231740295,APOA1,0.86119953,0.064896216,11,116754189.5,1.162805142,0.908122356,1.48891368
2774_10_IL16,ieu-b-18,multiple sclerosis || id:ieu-b-18,2774_10_IL16,Inverse variance weighted,14,-0.028060645,0.036591839,0.44316757,IL16,0.964143158,0.015858476,15,81177680.13,0.972329399,0.905035917,1.044626452
2780_35_LTF,ieu-b-18,multiple sclerosis || id:ieu-b-18,2780_35_LTF,Inverse variance weighted,3,0.088571293,0.181726994,0.625984422,LTF,0.977196122,0.010018265,3,46415236.41,1.092612145,0.765203387,1.560109796
2789_26_MMP7,ieu-b-18,multiple sclerosis || id:ieu-b-18,2789_26_MMP7,Inverse variance weighted,6,-0.010391215,0.054745634,0.84945879,MMP7,0.998431193,0.000681859,11,102589485.6,0.989662587,0.888969229,1.101761461
2816_50_BCAM,ieu-b-18,multiple sclerosis || id:ieu-b-18,2816_50_BCAM,Inverse variance weighted,7,-0.006285251,0.108896201,0.953973401,BCAM,0.998431193,0.000681859,19,44869392.4,0.99373446,0.802742086,1.230168685
2831_29_KLK11,ieu-b-18,multiple sclerosis || id:ieu-b-18,2831_29_KLK11,Inverse variance weighted,19,0.013040821,0.021981119,0.552997946,KLK11,0.977196122,0.010018265,19,51048041.9,1.013126224,0.970404609,1.057728637
2834_54_KLK8,ieu-b-18,multiple sclerosis || id:ieu-b-18,2834_54_KLK8,Inverse variance weighted,10,-0.073022249,0.07695804,0.342692861,KLK8,0.911860098,0.040071788,19,50970564.56,0.929580148,0.79942704,1.080923221
2837_3_MET,ieu-b-18,multiple sclerosis || id:ieu-b-18,2837_3_MET,Inverse variance weighted,4,-0.010067309,0.122452604,0.934476599,MET,0.998431193,0.000681859,7,116956149.8,0.989983196,0.778742832,1.258524237
2843_13_SPINT2,ieu-b-18,multiple sclerosis || id:ieu-b-18,2843_13_SPINT2,Inverse variance weighted,6,-0.045208771,0.047122373,0.33736191,SPINT2,0.911860098,0.040071788,19,38327810.71,0.955797918,0.871474546,1.048280371
2844_53_TIE1,ieu-b-18,multiple sclerosis || id:ieu-b-18,2844_53_TIE1,Inverse variance weighted,8,-0.055302745,0.084233388,0.511475545,TIE1,0.977196122,0.010018265,1,43123935.82,0.946198648,0.802197706,1.116048917
2849_49_AIF1,ieu-b-18,multiple sclerosis || id:ieu-b-18,2849_49_AIF1,Inverse variance weighted,3,1.498480979,1.001209284,0.134478865,AIF1,0.769556868,0.113759282,6,31759280.32,4.474886458,0.628833215,31.84406985
2851_63_C5,ieu-b-18,multiple sclerosis || id:ieu-b-18,2851_63_C5,Inverse variance weighted,3,-0.088127375,0.129064993,0.494724428,C5,0.973425835,0.011697132,9,121158270.8,0.915644239,0.71099153,1.179204445
2855_49_MAPK3,ieu-b-18,multiple sclerosis || id:ieu-b-18,2855_49_MAPK3,Inverse variance weighted,2,-0.350746469,0.079711008,1.08E-05,MAPK3,0.002491501,2.603538902,16,30187081.16,0.704162258,0.602311789,0.823235564
2864_2_MAP2K1,ieu-b-18,multiple sclerosis || id:ieu-b-18,2864_2_MAP2K1,Inverse variance weighted,2,0.348230098,0.502710372,0.488494563,MAP2K1,0.973425835,0.011697132,15,66409148.74,1.41655816,0.528833189,3.794461209
2879_9_SERPINA3,ieu-b-18,multiple sclerosis || id:ieu-b-18,2879_9_SERPINA3,Inverse variance weighted,4,-0.053555199,0.095520629,0.575025037,SERPINA3,0.977196122,0.010018265,14,94673402.98,0.947853619,0.786017964,1.143010115
2888_49_C7,ieu-b-18,multiple sclerosis || id:ieu-b-18,2888_49_C7,Inverse variance weighted,6,0.075789556,0.083372383,0.363324422,C7,0.91472166,0.038711037,5,40925238.37,1.078735537,0.916108644,1.270231828
2900_53_CCL14,ieu-b-18,multiple sclerosis || id:ieu-b-18,2900_53_CCL14,Inverse variance weighted,8,-0.073924062,0.035308008,0.036287504,CCL14,0.54947895,0.260048941,17,35879535.44,0.928742218,0.866643342,0.995290756
2913_1_CCL23,ieu-b-18,multiple sclerosis || id:ieu-b-18,2913_1_CCL23,Inverse variance weighted,6,0.010933892,0.041373501,0.7915697,CCL23,0.993478776,0.002841407,17,35938158.35,1.010993885,0.932246355,1.096393277
2925_9_SERPINE1,ieu-b-18,multiple sclerosis || id:ieu-b-18,2925_9_SERPINE1,Inverse variance weighted,3,0.040962263,0.31972849,0.898057352,SERPINE1,0.998431193,0.000681859,7,101139341.3,1.04181279,0.55671292,1.949611463
2944_66_NBL1,ieu-b-18,multiple sclerosis || id:ieu-b-18,2944_66_NBL1,Inverse variance weighted,2,0.364825364,0.241985344,0.131648192,NBL1,0.769556868,0.113759282,1,19517009.39,1.440262465,0.896312719,2.314321692
2946_52_CFD,ieu-b-18,multiple sclerosis || id:ieu-b-18,2946_52_CFD,Inverse variance weighted,8,-0.018800661,0.222131651,0.932549607,CFD,0.998431193,0.000681859,19,815594.5562,0.981374969,0.634969256,1.516761355
2948_58_GHR,ieu-b-18,multiple sclerosis || id:ieu-b-18,2948_58_GHR,Inverse variance weighted,4,-0.097557464,0.081752775,0.232742909,GHR,0.86119953,0.064896216,5,42852782.06,0.907050217,0.772755252,1.064683928
2962_50_PTHLH,ieu-b-18,multiple sclerosis || id:ieu-b-18,2962_50_PTHLH,Inverse variance weighted,2,0.062559293,0.14904405,0.67467764,PTHLH,0.992929837,0.003081439,12,28055808.79,1.064557578,0.794877674,1.425732379
2966_65_CLEC11A,ieu-b-18,multiple sclerosis || id:ieu-b-18,2966_65_CLEC11A,Inverse variance weighted,5,-0.044389245,0.111304303,0.690033365,CLEC11A,0.993478776,0.002841407,19,50629881.31,0.95658154,0.769091232,1.189778539
2973_15_CD36,ieu-b-18,multiple sclerosis || id:ieu-b-18,2973_15_CD36,Inverse variance weighted,5,-0.004771023,0.105700363,0.963997918,CD36,0.998431193,0.000681859,7,80629828.38,0.995240341,0.809010216,1.224339712
2974_61_CNTN1,ieu-b-18,multiple sclerosis || id:ieu-b-18,2974_61_CNTN1,Inverse variance weighted,10,0.042387277,0.056602483,0.453942212,CNTN1,0.964143158,0.015858476,12,40861128.91,1.043298446,0.93374342,1.165707436
2977_7_EDAR,ieu-b-18,multiple sclerosis || id:ieu-b-18,2977_7_EDAR,Inverse variance weighted,5,-0.091478484,0.065145374,0.160253132,EDAR,0.770087598,0.113459871,2,108998498.9,0.912580951,0.803190453,1.036869885
2985_35_CXCL1,ieu-b-18,multiple sclerosis || id:ieu-b-18,2985_35_CXCL1,Inverse variance weighted,5,0.033700777,0.043087361,0.434126456,CXCL1,0.959911089,0.017768991,4,73868985.88,1.034275082,0.950515841,1.125415167
2991_9_IL1R1,ieu-b-18,multiple sclerosis || id:ieu-b-18,2991_9_IL1R1,Inverse variance weighted,2,-0.120643492,0.074954337,0.107493979,IL1R1,0.737101569,0.132472664,2,101919443.1,0.886349894,0.765249011,1.026615027
2992_59_IL17RA,ieu-b-18,multiple sclerosis || id:ieu-b-18,2992_59_IL17RA,Inverse variance weighted,27,-0.017987362,0.018647176,0.334737234,IL17RA,0.911860098,0.040071788,22,17132393.63,0.982173445,0.946924582,1.018734431
2994_71_IL1RL2,ieu-b-18,multiple sclerosis || id:ieu-b-18,2994_71_IL1RL2,Inverse variance weighted,4,-0.051582641,0.084603141,0.542059727,IL1RL2,0.977196122,0.010018265,2,102144787.8,0.949725161,0.804604202,1.121020594
2999_6_LSAMP,ieu-b-18,multiple sclerosis || id:ieu-b-18,2999_6_LSAMP,Inverse variance weighted,3,-0.163626616,0.09769029,0.093943511,LSAMP,0.729061051,0.137236103,3,116371906,0.849058988,0.701103621,1.028237686
3000_66_MBL2,ieu-b-18,multiple sclerosis || id:ieu-b-18,3000_66_MBL2,Inverse variance weighted,11,0.021684332,0.028785882,0.451271168,MBL2,0.964143158,0.015858476,10,52764877,1.021921146,0.965860374,1.081235815
3003_29_NCR3,ieu-b-18,multiple sclerosis || id:ieu-b-18,3003_29_NCR3,Inverse variance weighted,6,0.724308575,0.896094798,0.418921018,NCR3,0.947267174,0.023527512,6,31644856.49,2.063303986,0.356280396,11.94908108
3004_67_PDCD1LG2,ieu-b-18,multiple sclerosis || id:ieu-b-18,3004_67_PDCD1LG2,Inverse variance weighted,5,0.033484686,0.047558501,0.481386926,PDCD1LG2,0.973425835,0.011697132,9,5555129.317,1.034051608,0.942018867,1.135075703
3007_7_SIGLEC9,ieu-b-18,multiple sclerosis || id:ieu-b-18,3007_7_SIGLEC9,Inverse variance weighted,20,-0.025892842,0.026371167,0.326167931,SIGLEC9,0.902817555,0.044400005,19,51140980.4,0.974439503,0.925352689,1.026130206
3009_3_TGFBR3,ieu-b-18,multiple sclerosis || id:ieu-b-18,3009_3_TGFBR3,Inverse variance weighted,3,0.210625978,0.147977461,0.154630296,TGFBR3,0.770087598,0.113459871,1,91803268.8,1.234450557,0.923661288,1.649812759
3024_18_SERPINF2,ieu-b-18,multiple sclerosis || id:ieu-b-18,3024_18_SERPINF2,Inverse variance weighted,4,-0.256110362,0.121110946,0.034457605,SERPINF2,0.54947895,0.260048941,17,1751673.974,0.774056537,0.610493388,0.981441461
3025_50_FGF2,ieu-b-18,multiple sclerosis || id:ieu-b-18,3025_50_FGF2,Inverse variance weighted,6,-0.025869098,0.043692531,0.553802788,FGF2,0.977196122,0.010018265,4,122787433.2,0.974462641,0.894485614,1.061590509
3028_36_CCL23,ieu-b-18,multiple sclerosis || id:ieu-b-18,3028_36_CCL23,Inverse variance weighted,7,-0.039502227,0.035133241,0.260862545,CCL23,0.886168581,0.052483652,17,35901073.15,0.961267813,0.897301477,1.029794146
3029_52_CD209,ieu-b-18,multiple sclerosis || id:ieu-b-18,3029_52_CD209,Inverse variance weighted,8,0.048109055,0.056011634,0.39038917,CD209,0.94043714,0.026670228,19,7738581.987,1.049285078,0.940189575,1.171039549
3033_57_LGALS2,ieu-b-18,multiple sclerosis || id:ieu-b-18,3033_57_LGALS2,Inverse variance weighted,5,-0.026618706,0.125383101,0.831873779,LGALS2,0.998431193,0.000681859,22,37648484.72,0.973732449,0.761572744,1.244995819
3038_9_CXCL11,ieu-b-18,multiple sclerosis || id:ieu-b-18,3038_9_CXCL11,Inverse variance weighted,8,-0.132079666,0.043031219,0.002144952,CXCL11,0.102957677,0.987341266,4,76009399.63,0.876271183,0.805396275,0.953383086
3040_59_CCL3,ieu-b-18,multiple sclerosis || id:ieu-b-18,3040_59_CCL3,Inverse variance weighted,5,0.03068937,0.051442954,0.550793897,CCL3,0.977196122,0.010018265,17,35996679.11,1.031165143,0.932264394,1.140557936
3041_55_MRC2,ieu-b-18,multiple sclerosis || id:ieu-b-18,3041_55_MRC2,Inverse variance weighted,3,-0.083544067,0.145932881,0.566994923,MRC2,0.977196122,0.010018265,17,62570887.88,0.919850551,0.691029674,1.224440958
3044_3_CCL18,ieu-b-18,multiple sclerosis || id:ieu-b-18,3044_3_CCL18,Inverse variance weighted,6,0.028588786,0.031014262,0.356635604,CCL18,0.91472166,0.038711037,17,35991405.67,1.029001368,0.968313707,1.093492539
3045_72_PTN,ieu-b-18,multiple sclerosis || id:ieu-b-18,3045_72_PTN,Inverse variance weighted,3,-0.010342013,0.081994431,0.899628481,PTN,0.998431193,0.000681859,7,137173950.8,0.989711281,0.842778508,1.162260797
3046_31_RETN,ieu-b-18,multiple sclerosis || id:ieu-b-18,3046_31_RETN,Inverse variance weighted,10,0.001196074,0.081211889,0.988249321,RETN,0.998431193,0.000681859,19,7695609.624,1.00119679,0.853867518,1.173946767
3050_7_VWF,ieu-b-18,multiple sclerosis || id:ieu-b-18,3050_7_VWF,Inverse variance weighted,3,0.120115433,0.211418231,0.569939013,VWF,0.977196122,0.010018265,12,6098099.514,1.127627009,0.74507954,1.706586483
3054_3_HP,ieu-b-18,multiple sclerosis || id:ieu-b-18,3054_3_HP,Inverse variance weighted,7,0.035130496,0.031952061,0.271560885,HP,0.886690676,0.052227858,16,72141316.42,1.035754861,0.972879018,1.102694285
3059_50_TNFSF13B,ieu-b-18,multiple sclerosis || id:ieu-b-18,3059_50_TNFSF13B,Inverse variance weighted,2,0.591289811,0.276111949,0.032234884,TNFSF13B,0.548269042,0.261006276,13,108275931,1.806316721,1.051387154,3.103309834
3060_43_C9,ieu-b-18,multiple sclerosis || id:ieu-b-18,3060_43_C9,Inverse variance weighted,4,0.12115223,0.105352482,0.250156084,C9,0.882405861,0.054331616,5,39337363.67,1.128796736,0.918201298,1.387693609
3066_12_LGALS3,ieu-b-18,multiple sclerosis || id:ieu-b-18,3066_12_LGALS3,Inverse variance weighted,5,-0.069366691,0.049318104,0.159571021,LGALS3,0.770087598,0.113459871,14,54917768.63,0.9329845,0.847020675,1.027672763
3074_6_LBP,ieu-b-18,multiple sclerosis || id:ieu-b-18,3074_6_LBP,Inverse variance weighted,13,0.027767523,0.045248927,0.539439057,LBP,0.977196122,0.010018265,20,38359565.09,1.028156634,0.940898157,1.123507422
3077_66_F10,ieu-b-18,multiple sclerosis || id:ieu-b-18,3077_66_F10,Inverse variance weighted,5,-0.023314193,0.175063276,0.894054342,F10,0.998431193,0.000681859,13,113176307.3,0.976955483,0.693198965,1.376865898
3079_62_RARRES2,ieu-b-18,multiple sclerosis || id:ieu-b-18,3079_62_RARRES2,Inverse variance weighted,5,0.059060931,0.086950997,0.496983361,RARRES2,0.973425835,0.011697132,7,150472138.8,1.060839877,0.894613924,1.257951854
3152_57_TNFRSF1B,ieu-b-18,multiple sclerosis || id:ieu-b-18,3152_57_TNFRSF1B,Inverse variance weighted,3,0.119374735,0.264875825,0.652218842,TNFRSF1B,0.984902148,0.006606915,1,12194761.13,1.126792088,0.670466271,1.893697661
3166_92_CD33,ieu-b-18,multiple sclerosis || id:ieu-b-18,3166_92_CD33,Inverse variance weighted,29,0.004542706,0.020870946,0.827696411,CD33,0.998431193,0.000681859,19,51213935.88,1.00455304,0.964288892,1.046498429
3168_8_ADAMTS5,ieu-b-18,multiple sclerosis || id:ieu-b-18,3168_8_ADAMTS5,Inverse variance weighted,6,0.065870469,0.046522562,0.156809982,ADAMTS5,0.770087598,0.113459871,21,26887232.69,1.068088358,0.975003955,1.170059603
3169_70_IDUA,ieu-b-18,multiple sclerosis || id:ieu-b-18,3169_70_IDUA,Inverse variance weighted,7,-0.055713903,0.036158522,0.123359731,IDUA,0.769556868,0.113759282,4,970582.8133,0.945809691,0.881099601,1.015272247
3172_28_ARSB,ieu-b-18,multiple sclerosis || id:ieu-b-18,3172_28_ARSB,Inverse variance weighted,3,0.192211939,0.105496689,0.068459342,ARSB,0.670509189,0.173595266,5,78960256.44,1.211927344,0.985543935,1.490311933
3173_49_NAAA,ieu-b-18,multiple sclerosis || id:ieu-b-18,3173_49_NAAA,Inverse variance weighted,3,-0.084211891,0.044787138,0.060071352,NAAA,0.64674951,0.189263892,4,75978931.95,0.919236457,0.841983651,1.003577282
3175_51_ADAMTS13,ieu-b-18,multiple sclerosis || id:ieu-b-18,3175_51_ADAMTS13,Inverse variance weighted,19,-0.035027308,0.033741325,0.299217457,ADAMTS13,0.902352122,0.044623956,9,133458056,0.965579048,0.90378814,1.031594527
3181_50_CTSS,ieu-b-18,multiple sclerosis || id:ieu-b-18,3181_50_CTSS,Inverse variance weighted,2,0.045996343,0.128758658,0.720920284,CTSS,0.993478776,0.002841407,1,150664886,1.047070582,0.813531503,1.347651318
3184_25_F7,ieu-b-18,multiple sclerosis || id:ieu-b-18,3184_25_F7,Inverse variance weighted,11,0.06177335,0.041504535,0.136658134,F7,0.769556868,0.113759282,13,113109726.3,1.063721225,0.980614819,1.153870839
3186_2_C2,ieu-b-18,multiple sclerosis || id:ieu-b-18,3186_2_C2,Inverse variance weighted,5,0.014989605,0.315868385,0.962150415,C2,0.998431193,0.000681859,6,32082677.67,1.015102513,0.546559321,1.885308825
3191_50_WFIKKN1,ieu-b-18,multiple sclerosis || id:ieu-b-18,3191_50_WFIKKN1,Inverse variance weighted,2,0.235274348,0.132866776,0.076601652,WFIKKN1,0.698584534,0.155781033,16,511764.1264,1.265255842,0.975168958,1.641635875
3194_36_GP6,ieu-b-18,multiple sclerosis || id:ieu-b-18,3194_36_GP6,Inverse variance weighted,3,-0.091003026,0.060152384,0.130311462,GP6,0.769556868,0.113759282,19,54892576.41,0.913014948,0.811475001,1.027260599
3195_50_GNLY,ieu-b-18,multiple sclerosis || id:ieu-b-18,3195_50_GNLY,Inverse variance weighted,11,0.058151699,0.038067425,0.126612529,GNLY,0.769556868,0.113759282,2,85674523.77,1.059875766,0.983674279,1.141980289
3196_6_HAPLN1,ieu-b-18,multiple sclerosis || id:ieu-b-18,3196_6_HAPLN1,Inverse variance weighted,3,-0.036372261,0.126523192,0.773748599,HAPLN1,0.993478776,0.002841407,5,83744414.38,0.964281262,0.752497415,1.235669828
3206_4_LYVE1,ieu-b-18,multiple sclerosis || id:ieu-b-18,3206_4_LYVE1,Inverse variance weighted,5,0.028600871,0.102010024,0.779191242,LYVE1,0.993478776,0.002841407,11,10553017.47,1.029013803,0.842536094,1.256764446
3212_30_ASAH2,ieu-b-18,multiple sclerosis || id:ieu-b-18,3212_30_ASAH2,Inverse variance weighted,4,-0.008826747,0.046361939,0.849005263,ASAH2,0.998431193,0.000681859,10,50201493.85,0.991212094,0.905112397,1.085502109
3213_65_NID1,ieu-b-18,multiple sclerosis || id:ieu-b-18,3213_65_NID1,Inverse variance weighted,2,0.342974461,0.161117611,0.03327734,NID1,0.548269042,0.261006276,1,236064779.5,1.409132774,1.027556798,1.932404299
3220_40_RET,ieu-b-18,multiple sclerosis || id:ieu-b-18,3220_40_RET,Inverse variance weighted,8,0.010676662,0.039864304,0.78883393,RET,0.993478776,0.002841407,10,43091299.95,1.010733861,0.934767566,1.092873753
3221_54_SFRP1,ieu-b-18,multiple sclerosis || id:ieu-b-18,3221_54_SFRP1,Inverse variance weighted,5,0.021230596,0.070956571,0.764783256,SFRP1,0.993478776,0.002841407,8,41325782.65,1.021457569,0.888834448,1.173869404
3232_28_ACP5,ieu-b-18,multiple sclerosis || id:ieu-b-18,3232_28_ACP5,Inverse variance weighted,3,-0.066240781,0.0612504,0.279485842,ACP5,0.889636358,0.050787476,19,11619295.53,0.935905489,0.83003155,1.055284083
3234_23_CCDC80,ieu-b-18,multiple sclerosis || id:ieu-b-18,3234_23_CCDC80,Inverse variance weighted,3,0.268580184,0.141793213,0.058202698,CCDC80,0.638566738,0.194793707,3,112799170.9,1.308105862,0.990708918,1.727188393
3235_50_WFIKKN2,ieu-b-18,multiple sclerosis || id:ieu-b-18,3235_50_WFIKKN2,Inverse variance weighted,13,0.044601154,0.036522213,0.22200795,WFIKKN2,0.849678269,0.070745489,17,50828015.46,1.045610739,0.973378388,1.123203299
3280_49_ACAN,ieu-b-18,multiple sclerosis || id:ieu-b-18,3280_49_ACAN,Inverse variance weighted,2,0.084385058,0.163895089,0.606642189,ACAN,0.977196122,0.010018265,15,88776783.01,1.088047774,0.789110185,1.500231504
3283_21_TGFBI,ieu-b-18,multiple sclerosis || id:ieu-b-18,3283_21_TGFBI,Inverse variance weighted,5,0.019977479,0.037466375,0.593887597,TGFBI,0.977196122,0.010018265,5,136104366.4,1.020178365,0.947947067,1.097913515
3285_23_C1R,ieu-b-18,multiple sclerosis || id:ieu-b-18,3285_23_C1R,Inverse variance weighted,7,0.007119542,0.051699264,0.890469057,C1R,0.998431193,0.000681859,12,7127668.002,1.007144946,0.910090699,1.11454929
3290_50_CD109,ieu-b-18,multiple sclerosis || id:ieu-b-18,3290_50_CD109,Inverse variance weighted,6,-0.013737729,0.040723867,0.735861722,CD109,0.993478776,0.002841407,6,73819300.38,0.986356203,0.910686555,1.0683133
3291_30_FCER2,ieu-b-18,multiple sclerosis || id:ieu-b-18,3291_30_FCER2,Inverse variance weighted,6,-0.009265765,0.047534156,0.845448871,FCER2,0.998431193,0.000681859,19,7686970.32,0.99077703,0.902638885,1.087521421
3292_75_CD48,ieu-b-18,multiple sclerosis || id:ieu-b-18,3292_75_CD48,Inverse variance weighted,5,-0.036526,0.122248369,0.765103965,CD48,0.993478776,0.002841407,1,160815176.8,0.964133026,0.758712165,1.225171462
3293_2_CD5L,ieu-b-18,multiple sclerosis || id:ieu-b-18,3293_2_CD5L,Inverse variance weighted,9,0.073346804,0.049751482,0.140410607,CD5L,0.769556868,0.113759282,1,157844137.3,1.076103669,0.976123561,1.186324307
3296_92_CNTN2,ieu-b-18,multiple sclerosis || id:ieu-b-18,3296_92_CNTN2,Inverse variance weighted,17,-0.016227731,0.030630197,0.59625395,CNTN2,0.977196122,0.010018265,1,205074867.7,0.983903229,0.926572562,1.044781169
3298_52_CNTN4,ieu-b-18,multiple sclerosis || id:ieu-b-18,3298_52_CNTN4,Inverse variance weighted,25,-0.043828508,0.039621929,0.268653829,CNTN4,0.886690676,0.052227858,3,2359947.974,0.957118081,0.885602133,1.034409231
3299_29_CNTN5,ieu-b-18,multiple sclerosis || id:ieu-b-18,3299_29_CNTN5,Inverse variance weighted,10,0.094705676,0.071061113,0.182618584,CNTN5,0.787982734,0.103483299,11,99573830.08,1.099335247,0.956404722,1.263626116
3302_58_CST7,ieu-b-18,multiple sclerosis || id:ieu-b-18,3302_58_CST7,Inverse variance weighted,13,0.036223449,0.025494839,0.155370551,CST7,0.770087598,0.113459871,20,24907191.44,1.036887512,0.986347616,1.090017044
3309_2_FCGR2A,ieu-b-18,multiple sclerosis || id:ieu-b-18,3309_2_FCGR2A,Inverse variance weighted,10,0.010868468,0.042800876,0.799548894,FCGR2A,0.994202846,0.002524998,1,161482189.7,1.010927744,0.929581076,1.099392973
3310_62_FCGR2B,ieu-b-18,multiple sclerosis || id:ieu-b-18,3310_62_FCGR2B,Inverse variance weighted,11,0.00857612,0.040378978,0.83180222,FCGR2B,0.998431193,0.000681859,1,161698724.7,1.008613001,0.931865605,1.091681225
3311_27_FCGR3B,ieu-b-18,multiple sclerosis || id:ieu-b-18,3311_27_FCGR3B,Inverse variance weighted,5,0.038504464,0.058207194,0.508287247,FCGR3B,0.977196122,0.010018265,1,161621717.8,1.039255368,0.927204034,1.164847952
3313_21_FCN2,ieu-b-18,multiple sclerosis || id:ieu-b-18,3313_21_FCN2,Inverse variance weighted,17,-0.00314321,0.051208558,0.951056132,FCN2,0.998431193,0.000681859,9,134945672.2,0.996861725,0.901665217,1.102108942
3314_74_GFRA1,ieu-b-18,multiple sclerosis || id:ieu-b-18,3314_74_GFRA1,Inverse variance weighted,2,-0.044253023,0.082168455,0.5901873,GFRA1,0.977196122,0.010018265,10,116309042.2,0.956711856,0.814400356,1.123891424
3320_49_IGFBP7,ieu-b-18,multiple sclerosis || id:ieu-b-18,3320_49_IGFBP7,Inverse variance weighted,11,0.098254609,0.047002246,0.036579756,IGFBP7,0.54947895,0.260048941,4,57019582.22,1.103243645,1.006149035,1.209708003
3322_52_LRIG3,ieu-b-18,multiple sclerosis || id:ieu-b-18,3322_52_LRIG3,Inverse variance weighted,5,-0.073291279,0.073647463,0.319656667,LRIG3,0.902817555,0.044400005,12,58869260.47,0.929330096,0.804414733,1.073643224
3323_37_LRP8,ieu-b-18,multiple sclerosis || id:ieu-b-18,3323_37_LRP8,Inverse variance weighted,3,0.052436891,0.105441203,0.618970956,LRP8,0.977196122,0.010018265,1,53353052.79,1.053836053,0.857076699,1.295765511
3324_51_LY9,ieu-b-18,multiple sclerosis || id:ieu-b-18,3324_51_LY9,Inverse variance weighted,7,0.087656425,0.055377477,0.113446657,LY9,0.758928934,0.119798889,1,160937712.7,1.091613007,0.97933312,1.216765707
3325_2_MATN2,ieu-b-18,multiple sclerosis || id:ieu-b-18,3325_2_MATN2,Inverse variance weighted,3,0.021467075,0.152167603,0.887810533,MATN2,0.998431193,0.000681859,8,97968984.01,1.021699151,0.758220206,1.376736133
3327_27_NTN4,ieu-b-18,multiple sclerosis || id:ieu-b-18,3327_27_NTN4,Inverse variance weighted,6,-0.104240399,0.068124235,0.125979234,NTN4,0.769556868,0.113759282,12,95784319.31,0.901008669,0.788388808,1.029716066
3329_14_PGLYRP1,ieu-b-18,multiple sclerosis || id:ieu-b-18,3329_14_PGLYRP1,Inverse variance weighted,2,-0.340366381,0.129081492,0.008368393,PGLYRP1,0.247189466,0.60697004,19,46199452.16,0.711509592,0.552464498,0.916341051
3331_8_RGMB,ieu-b-18,multiple sclerosis || id:ieu-b-18,3331_8_RGMB,Inverse variance weighted,3,-0.078135015,0.092200576,0.396746542,RGMB,0.940720759,0.026539272,5,98759589.78,0.924839551,0.771940238,1.108023851
3339_33_THBS2,ieu-b-18,multiple sclerosis || id:ieu-b-18,3339_33_THBS2,Inverse variance weighted,12,-0.008781159,0.044373262,0.843128767,THBS2,0.998431193,0.000681859,6,169125852,0.991257283,0.90868866,1.081328561
3340_53_THBS4,ieu-b-18,multiple sclerosis || id:ieu-b-18,3340_53_THBS4,Inverse variance weighted,6,0.109524588,0.062658047,0.080468668,THBS4,0.698584534,0.155781033,5,80024082.87,1.115747504,0.986802674,1.261541468
3348_49_BMP1,ieu-b-18,multiple sclerosis || id:ieu-b-18,3348_49_BMP1,Inverse variance weighted,3,-0.474599329,0.198018905,0.016541771,BMP1,0.371943062,0.429523537,8,22143949.11,0.622134278,0.422014172,0.917151806
3352_80_CA6,ieu-b-18,multiple sclerosis || id:ieu-b-18,3352_80_CA6,Inverse variance weighted,14,-0.052728261,0.025682738,0.040066538,CA6,0.549483956,0.260044984,1,9067666.435,0.948637759,0.902067049,0.99761276
3364_76_CTSV,ieu-b-18,multiple sclerosis || id:ieu-b-18,3364_76_CTSV,Inverse variance weighted,4,0.081662367,0.096071834,0.39531752,CTSV,0.940720759,0.026539272,9,97100764.67,1.085089386,0.898850613,1.309916195
3366_51_ECM1,ieu-b-18,multiple sclerosis || id:ieu-b-18,3366_51_ECM1,Inverse variance weighted,5,-0.069718046,0.077056248,0.365588179,ECM1,0.915766036,0.038215468,1,150524758,0.932656749,0.801918503,1.08470949
3367_8_FETUB,ieu-b-18,multiple sclerosis || id:ieu-b-18,3367_8_FETUB,Inverse variance weighted,7,-0.078985773,0.087925849,0.369013608,FETUB,0.920137828,0.036147115,3,186656543.4,0.92405307,0.777773105,1.097844695
3376_49_IL17RD,ieu-b-18,multiple sclerosis || id:ieu-b-18,3376_49_IL17RD,Inverse variance weighted,11,0.008230287,0.06526705,0.899651414,IL17RD,0.998431193,0.000681859,3,57179787.57,1.008264249,0.887192647,1.145858003
3378_49_KLK7,ieu-b-18,multiple sclerosis || id:ieu-b-18,3378_49_KLK7,Inverse variance weighted,5,0.006380365,0.056678002,0.91036976,KLK7,0.998431193,0.000681859,19,50993073.45,1.006400763,0.900586988,1.124647046
3389_7_SERPINA5,ieu-b-18,multiple sclerosis || id:ieu-b-18,3389_7_SERPINA5,Inverse variance weighted,5,-0.121644051,0.074327789,0.101716349,SERPINA5,0.729061051,0.137236103,14,94625844.98,0.885463492,0.765423107,1.024329667
3396_54_REN,ieu-b-18,multiple sclerosis || id:ieu-b-18,3396_54_REN,Inverse variance weighted,2,-0.021025653,0.204702989,0.918190776,REN,0.998431193,0.000681859,1,204242563.3,0.979193845,0.65557438,1.462565676
3403_1_TPSB2,ieu-b-18,multiple sclerosis || id:ieu-b-18,3403_1_TPSB2,Inverse variance weighted,9,-0.019143794,0.036470946,0.599648995,TPSB2,0.977196122,0.010018265,16,1184545.962,0.981038284,0.913358469,1.053733171
3420_21_CA13,ieu-b-18,multiple sclerosis || id:ieu-b-18,3420_21_CA13,Inverse variance weighted,5,-0.032017203,0.06195577,0.605313121,CA13,0.977196122,0.010018265,8,85205648.65,0.968489921,0.857743211,1.093535588
3421_54_TNFSF8,ieu-b-18,multiple sclerosis || id:ieu-b-18,3421_54_TNFSF8,Inverse variance weighted,2,-0.241832174,0.113628686,0.033314959,TNFSF8,0.548269042,0.261006276,9,114769456.8,0.785187942,0.62842135,0.981061678
3431_54_EPHA1,ieu-b-18,multiple sclerosis || id:ieu-b-18,3431_54_EPHA1,Inverse variance weighted,6,0.033272842,0.028235971,0.238643187,EPHA1,0.86119953,0.064896216,7,143357745.3,1.033832574,0.978172092,1.092660279
3434_34_FN1,ieu-b-18,multiple sclerosis || id:ieu-b-18,3434_34_FN1,Inverse variance weighted,3,-0.016113322,0.11696213,0.890425912,FN1,0.998431193,0.000681859,2,215290123.4,0.984015803,0.782423522,1.237548556
3435_53_FN1,ieu-b-18,multiple sclerosis || id:ieu-b-18,3435_53_FN1,Inverse variance weighted,2,0.003745865,0.123427593,0.975788967,FN1,0.998431193,0.000681859,2,215408579.9,1.00375289,0.788066961,1.278469868
3438_10_FSTL3,ieu-b-18,multiple sclerosis || id:ieu-b-18,3438_10_FSTL3,Inverse variance weighted,2,-0.501623158,0.204606093,0.014220169,FSTL3,0.352524259,0.452810992,19,696275.6819,0.605546963,0.40549323,0.904299005
3448_13_INSR,ieu-b-18,multiple sclerosis || id:ieu-b-18,3448_13_INSR,Inverse variance weighted,2,-0.451177059,0.22830474,0.048131519,INSR,0.606026629,0.217508292,19,7180247.502,0.636878067,0.407117129,0.996307067
3449_58_SERPINA4,ieu-b-18,multiple sclerosis || id:ieu-b-18,3449_58_SERPINA4,Inverse variance weighted,13,0.050725113,0.037604104,0.177361087,SERPINA4,0.786668124,0.104208447,14,94599027.18,1.052033663,0.977283074,1.132501787
3457_57_POSTN,ieu-b-18,multiple sclerosis || id:ieu-b-18,3457_57_POSTN,Inverse variance weighted,6,-0.004312128,0.064217854,0.946463537,POSTN,0.998431193,0.000681859,13,37439237.65,0.995697156,0.877938159,1.129251321
3459_49_PDGFRB,ieu-b-18,multiple sclerosis || id:ieu-b-18,3459_49_PDGFRB,Inverse variance weighted,24,0.01268319,0.016640938,0.445959737,PDGFRB,0.964143158,0.015858476,5,150143782.9,1.012763963,0.980264302,1.046341117
3461_58_BCAN,ieu-b-18,multiple sclerosis || id:ieu-b-18,3461_58_BCAN,Inverse variance weighted,2,-0.119085679,0.120745877,0.324010214,BCAN,0.902817555,0.044400005,1,156712314.4,0.887731738,0.700649443,1.124767379
3484_60_AGT,ieu-b-18,multiple sclerosis || id:ieu-b-18,3484_60_AGT,Inverse variance weighted,4,0.038482328,0.093992407,0.682231799,AGT,0.993478776,0.002841407,1,230777334,1.039232363,0.864380002,1.249454987
3488_64_CAT,ieu-b-18,multiple sclerosis || id:ieu-b-18,3488_64_CAT,Inverse variance weighted,5,-0.079170629,0.079811279,0.321210724,CAT,0.902817555,0.044400005,11,34398939.82,0.92388227,0.790096068,1.080322359
3495_15_CXCL6,ieu-b-18,multiple sclerosis || id:ieu-b-18,3495_15_CXCL6,Inverse variance weighted,8,-0.00098949,0.030312434,0.973959235,CXCL6,0.998431193,0.000681859,4,73802768.36,0.999010999,0.94138615,1.060163224
3508_78_CCL22,ieu-b-18,multiple sclerosis || id:ieu-b-18,3508_78_CCL22,Inverse variance weighted,9,0.035577925,0.08084806,0.659894294,CCL22,0.986475005,0.005913914,16,57368597.6,1.036218393,0.884366003,1.214144996
3516_60_CXCL12,ieu-b-18,multiple sclerosis || id:ieu-b-18,3516_60_CXCL12,Inverse variance weighted,4,0.211890502,0.102522218,0.038755227,CXCL12,0.549483956,0.260044984,10,44371630.26,1.236012536,1.011007092,1.511094236
3518_54_CPB2,ieu-b-18,multiple sclerosis || id:ieu-b-18,3518_54_CPB2,Inverse variance weighted,14,-0.041152358,0.041116266,0.316885894,CPB2,0.902817555,0.044400005,13,46076060.26,0.959682904,0.885378325,1.040223427
3519_3_CCL17,ieu-b-18,multiple sclerosis || id:ieu-b-18,3519_3_CCL17,Inverse variance weighted,5,-0.066024938,0.058404624,0.258276335,CCL17,0.886168581,0.052483652,16,57398280.06,0.936107519,0.83485435,1.04964092
3535_84_DKK1,ieu-b-18,multiple sclerosis || id:ieu-b-18,3535_84_DKK1,Inverse variance weighted,5,0.206819668,0.188059746,0.271438832,DKK1,0.886690676,0.052227858,10,52366011.08,1.229760787,0.850630505,1.777871336
3554_24_ADIPOQ,ieu-b-18,multiple sclerosis || id:ieu-b-18,3554_24_ADIPOQ,Inverse variance weighted,7,0.028067795,0.072097175,0.697050498,ADIPOQ,0.993478776,0.002841407,3,186831962.3,1.028465406,0.892933947,1.184568126
3580_25_SERPINA1,ieu-b-18,multiple sclerosis || id:ieu-b-18,3580_25_SERPINA1,Inverse variance weighted,14,-0.030019327,0.024698588,0.224203327,SERPINA1,0.854560423,0.068257224,14,94381012.56,0.970426778,0.92456811,1.01856004
3581_53_AHSG,ieu-b-18,multiple sclerosis || id:ieu-b-18,3581_53_AHSG,Inverse variance weighted,12,-0.202768912,0.044025259,4.11E-06,AHSG,0.001183682,2.926764775,3,186669891.8,0.816466895,0.74896845,0.890048427
3600_2_CHIT1,ieu-b-18,multiple sclerosis || id:ieu-b-18,3600_2_CHIT1,Inverse variance weighted,20,-0.019602084,0.032793381,0.550010009,CHIT1,0.977196122,0.010018265,1,203299563.7,0.980588788,0.919544252,1.045685805
3607_71_DKK3,ieu-b-18,multiple sclerosis || id:ieu-b-18,3607_71_DKK3,Inverse variance weighted,11,0.04387043,0.075128915,0.559263803,DKK3,0.977196122,0.010018265,11,11922147.01,1.044846965,0.901782207,1.210608473
3617_80_HGFAC,ieu-b-18,multiple sclerosis || id:ieu-b-18,3617_80_HGFAC,Inverse variance weighted,13,-0.019301258,0.034786703,0.579000103,HGFAC,0.977196122,0.010018265,4,3532668.956,0.980883819,0.916234267,1.050095047
3622_33_LGMN,ieu-b-18,multiple sclerosis || id:ieu-b-18,3622_33_LGMN,Inverse variance weighted,4,0.021663565,0.096181019,0.821794574,LGMN,0.998431193,0.000681859,14,92898548.29,1.021899924,0.846325508,1.233898123
3640_14_LRPAP1,ieu-b-18,multiple sclerosis || id:ieu-b-18,3640_14_LRPAP1,Inverse variance weighted,2,0.123769288,0.200354879,0.536739946,LRPAP1,0.977196122,0.010018265,4,3557121.87,1.131754731,0.764199594,1.676091929
3651_50_KDR,ieu-b-18,multiple sclerosis || id:ieu-b-18,3651_50_KDR,Inverse variance weighted,5,0.023140189,0.088866584,0.794561055,KDR,0.993478776,0.002841407,4,55090188.53,1.02341,0.859814753,1.21813219
3708_62_A2M,ieu-b-18,multiple sclerosis || id:ieu-b-18,3708_62_A2M,Inverse variance weighted,2,0.258154731,0.365935764,0.480521149,A2M,0.973425835,0.011697132,12,9270630.775,1.294539108,0.631865093,2.652198263
3710_49_PLG,ieu-b-18,multiple sclerosis || id:ieu-b-18,3710_49_PLG,Inverse variance weighted,3,0.034858277,0.079293479,0.660218948,PLG,0.986475005,0.005913914,6,160783713,1.035472948,0.886426612,1.209580367
3727_35_PYY,ieu-b-18,multiple sclerosis || id:ieu-b-18,3727_35_PYY,Inverse variance weighted,2,0.291231349,0.213898193,0.173342506,PYY,0.783100262,0.106182631,17,43978940.79,1.33807411,0.879845365,2.034951135
3773_15_TEK,ieu-b-18,multiple sclerosis || id:ieu-b-18,3773_15_TEK,Inverse variance weighted,4,0.034695928,0.083793396,0.678826366,TEK,0.993478776,0.002841407,9,27110460.31,1.035304854,0.878500214,1.220097756
3799_11_CA3,ieu-b-18,multiple sclerosis || id:ieu-b-18,3799_11_CA3,Inverse variance weighted,4,-0.093456572,0.094062026,0.320435546,CA3,0.902817555,0.044400005,8,85314422.92,0.91077757,0.757434554,1.095164959
3803_10_CST5,ieu-b-18,multiple sclerosis || id:ieu-b-18,3803_10_CST5,Inverse variance weighted,8,0.00506208,0.029201282,0.86237532,CST5,0.998431193,0.000681859,20,23840608.49,1.005074914,0.949165184,1.064277956
3805_16_ESM1,ieu-b-18,multiple sclerosis || id:ieu-b-18,3805_16_ESM1,Inverse variance weighted,4,-0.093269503,0.084856084,0.271702959,ESM1,0.886690676,0.052227858,5,54942221.03,0.910947964,0.771369766,1.075782626
3806_55_EPHA5,ieu-b-18,multiple sclerosis || id:ieu-b-18,3806_55_EPHA5,Inverse variance weighted,3,0.158538794,0.114827456,0.167380529,EPHA5,0.773278821,0.111663884,4,65651755.34,1.171797382,0.935641377,1.467559194
3810_50_FGR,ieu-b-18,multiple sclerosis || id:ieu-b-18,3810_50_FGR,Inverse variance weighted,3,-0.122737546,0.107844647,0.255080455,FGR,0.886168581,0.052483652,1,27710133.89,0.884495771,0.715972834,1.09268499
3820_68_MAPKAPK2,ieu-b-18,multiple sclerosis || id:ieu-b-18,3820_68_MAPKAPK2,Inverse variance weighted,2,0.005056673,0.091528236,0.955941579,MAPKAPK2,0.998431193,0.000681859,1,206677236.2,1.005069479,0.840012362,1.202559276
3855_56_PRDX1,ieu-b-18,multiple sclerosis || id:ieu-b-18,3855_56_PRDX1,Inverse variance weighted,2,0.112596337,0.194543652,0.562743308,PRDX1,0.977196122,0.010018265,1,45562782.78,1.119180071,0.764365485,1.63869779
3858_5_ACP1,ieu-b-18,multiple sclerosis || id:ieu-b-18,3858_5_ACP1,Inverse variance weighted,5,0.021976864,0.051200256,0.667753318,ACP1,0.991777786,0.003585623,2,292685.2268,1.022220134,0.924617041,1.130126265
3890_8_LDHB,ieu-b-18,multiple sclerosis || id:ieu-b-18,3890_8_LDHB,Inverse variance weighted,2,-0.024258536,0.248691395,0.922293811,LDHB,0.998431193,0.000681859,12,21532401.72,0.976033337,0.599479398,1.589113953
3894_15_NAGK,ieu-b-18,multiple sclerosis || id:ieu-b-18,3894_15_NAGK,Inverse variance weighted,4,0.14979439,0.079271602,0.058806799,NAGK,0.639107852,0.194425847,2,71118391.61,1.161595382,0.994437578,1.356851211
4125_52_AGER,ieu-b-18,multiple sclerosis || id:ieu-b-18,4125_52_AGER,Inverse variance weighted,2,1.138329102,1.312276907,0.385697792,AGER,0.94043714,0.026670228,6,32295845.08,3.121548218,0.238417096,40.86981783
4126_22_BPI,ieu-b-18,multiple sclerosis || id:ieu-b-18,4126_22_BPI,Inverse variance weighted,11,0.010842462,0.031425788,0.73008086,BPI,0.993478776,0.002841407,20,38385026.74,1.010901454,0.95051429,1.075125077
4127_75_C6,ieu-b-18,multiple sclerosis || id:ieu-b-18,4127_75_C6,Inverse variance weighted,3,-0.055844096,0.095483685,0.558645323,C6,0.977196122,0.010018265,5,41177708.4,0.945686561,0.784277695,1.140314301
4129_72_CFB,ieu-b-18,multiple sclerosis || id:ieu-b-18,4129_72_CFB,Inverse variance weighted,6,-0.376874172,0.607915876,0.535294253,CFB,0.977196122,0.010018265,6,31958500.89,0.686002387,0.208380553,2.25836465
4131_72_FN1,ieu-b-18,multiple sclerosis || id:ieu-b-18,4131_72_FN1,Inverse variance weighted,2,0.009188092,0.110382876,0.933661996,FN1,0.998431193,0.000681859,2,215354502,1.009230432,0.812887671,1.252997309
4145_58_NTF3,ieu-b-18,multiple sclerosis || id:ieu-b-18,4145_58_NTF3,Inverse variance weighted,3,-0.142326962,0.174758089,0.415402814,NTF3,0.943873851,0.025086046,12,5408425.875,0.867337623,0.615787823,1.221645711
4151_6_PLG,ieu-b-18,multiple sclerosis || id:ieu-b-18,4151_6_PLG,Inverse variance weighted,6,-0.064783982,0.089595618,0.469636337,PLG,0.967772715,0.014226627,6,160798269,0.937269908,0.786320041,1.117197624
4152_58_KLKB1,ieu-b-18,multiple sclerosis || id:ieu-b-18,4152_58_KLKB1,Inverse variance weighted,9,0.037849352,0.054745399,0.489332766,KLKB1,0.973425835,0.011697132,4,186256924,1.038574761,0.932905256,1.156213376
4153_11_SERPINA3,ieu-b-18,multiple sclerosis || id:ieu-b-18,4153_11_SERPINA3,Inverse variance weighted,8,-0.063202015,0.057245087,0.269567081,SERPINA3,0.886690676,0.052227858,14,94590585.25,0.938753812,0.839119303,1.050218624
4154_57_SELP,ieu-b-18,multiple sclerosis || id:ieu-b-18,4154_57_SELP,Inverse variance weighted,3,0.121488996,0.080281244,0.130205407,SELP,0.769556868,0.113759282,1,169594405.8,1.12917694,0.964773188,1.321596182
4155_3_TNC,ieu-b-18,multiple sclerosis || id:ieu-b-18,4155_3_TNC,Inverse variance weighted,13,0.00975897,0.054967334,0.859083258,TNC,0.998431193,0.000681859,9,115016884.5,1.009806744,0.906669752,1.124675945
4158_54_PLAU,ieu-b-18,multiple sclerosis || id:ieu-b-18,4158_54_PLAU,Inverse variance weighted,2,-0.078702361,0.082555523,0.34042471,PLAU,0.911860098,0.040071788,10,73873045.72,0.924314996,0.78622585,1.086657492
4159_130_CFH,ieu-b-18,multiple sclerosis || id:ieu-b-18,4159_130_CFH,Inverse variance weighted,3,0.001324841,0.07528837,0.985960436,CFH,0.998431193,0.000681859,1,196574539.3,1.001325719,0.863950016,1.160545376
4162_54_TF,ieu-b-18,multiple sclerosis || id:ieu-b-18,4162_54_TF,Inverse variance weighted,2,0.065006023,0.112250882,0.562512457,TF,0.977196122,0.010018265,3,133820607.7,1.067165452,0.856410292,1.329785634
4188_1_AKR7A2,ieu-b-18,multiple sclerosis || id:ieu-b-18,4188_1_AKR7A2,Inverse variance weighted,3,-0.04399717,0.111574936,0.693338573,AKR7A2,0.993478776,0.002841407,1,19259432.54,0.956956666,0.768984824,1.190876636
4192_10_AKR1A1,ieu-b-18,multiple sclerosis || id:ieu-b-18,4192_10_AKR1A1,Inverse variance weighted,6,-0.022071593,0.084614872,0.794209974,AKR1A1,0.993478776,0.002841407,1,45559172.98,0.978170202,0.828683699,1.154622622
4232_19_IGF1R,ieu-b-18,multiple sclerosis || id:ieu-b-18,4232_19_IGF1R,Inverse variance weighted,3,-0.057815042,0.125821895,0.645875828,IGF1R,0.981493025,0.008112782,15,98890816.56,0.943824499,0.737546637,1.207794382
4234_8_IL1RL1,ieu-b-18,multiple sclerosis || id:ieu-b-18,4234_8_IL1RL1,Inverse variance weighted,8,0.080178322,0.033521552,0.016763968,IL1RL1,0.371943062,0.429523537,2,102412321.5,1.083480259,1.014581365,1.157057985
4276_10_PEBP1,ieu-b-18,multiple sclerosis || id:ieu-b-18,4276_10_PEBP1,Inverse variance weighted,12,-0.03304997,0.062575019,0.597384431,PEBP1,0.977196122,0.010018265,12,118092326,0.967490213,0.855818457,1.093733494
4278_14_P4HB,ieu-b-18,multiple sclerosis || id:ieu-b-18,4278_14_P4HB,Inverse variance weighted,2,-0.008510949,0.152496903,0.955492661,P4HB,0.998431193,0.000681859,17,82314072.63,0.991525166,0.735352811,1.336939412
4297_62_SPON1,ieu-b-18,multiple sclerosis || id:ieu-b-18,4297_62_SPON1,Inverse variance weighted,7,0.023357579,0.059050902,0.692437094,SPON1,0.993478776,0.002841407,11,13928920.04,1.023632504,0.91175662,1.14923597
4324_33_CST2,ieu-b-18,multiple sclerosis || id:ieu-b-18,4324_33_CST2,Inverse variance weighted,9,-0.044274729,0.046621504,0.342283388,CST2,0.911860098,0.040071788,20,23789726.88,0.95669109,0.873145668,1.048230411
4328_2_BOC,ieu-b-18,multiple sclerosis || id:ieu-b-18,4328_2_BOC,Inverse variance weighted,5,0.070712082,0.06898895,0.305374074,BOC,0.902817555,0.044400005,3,113404605,1.073272167,0.937530245,1.228667716
4332_6_CLEC1B,ieu-b-18,multiple sclerosis || id:ieu-b-18,4332_6_CLEC1B,Inverse variance weighted,3,0.05652391,0.153235031,0.712224118,CLEC1B,0.993478776,0.002841407,12,9991430.881,1.058151915,0.783631221,1.428842351
4337_49_CRP,ieu-b-18,multiple sclerosis || id:ieu-b-18,4337_49_CRP,Inverse variance weighted,3,-0.178969572,0.096525913,0.063723555,CRP,0.652129767,0.185665976,1,159677143.2,0.836131341,0.692006202,1.010273632
4342_10_ICAM1,ieu-b-18,multiple sclerosis || id:ieu-b-18,4342_10_ICAM1,Inverse variance weighted,9,-0.052268769,0.043892769,0.233720844,ICAM1,0.86119953,0.064896216,19,10221366.63,0.949073751,0.870838624,1.034337431
4374_45_GDF15,ieu-b-18,multiple sclerosis || id:ieu-b-18,4374_45_GDF15,Inverse variance weighted,12,-0.156847213,0.082548841,0.057426101,GDF15,0.636104507,0.196471527,19,18395482.25,0.854834657,0.727135133,1.00496078
4407_10_MST1,ieu-b-18,multiple sclerosis || id:ieu-b-18,4407_10_MST1,Inverse variance weighted,5,-0.020738556,0.036330291,0.568112349,MST1,0.977196122,0.010018265,3,49622068.06,0.979475009,0.912154471,1.051764064
4430_44_COLEC11,ieu-b-18,multiple sclerosis || id:ieu-b-18,4430_44_COLEC11,Inverse variance weighted,13,-0.036202597,0.032255835,0.261710224,COLEC11,0.886168581,0.052483652,2,3619323.439,0.96444488,0.905358724,1.027387158
4435_66_ENPP7,ieu-b-18,multiple sclerosis || id:ieu-b-18,4435_66_ENPP7,Inverse variance weighted,20,-0.027600077,0.041463504,0.505636444,ENPP7,0.977196122,0.010018265,17,79679158.42,0.972777325,0.896848305,1.055134651
4437_56_ENTPD5,ieu-b-18,multiple sclerosis || id:ieu-b-18,4437_56_ENTPD5,Inverse variance weighted,2,-0.016811378,0.06521438,0.796571788,ENTPD5,0.993478776,0.002841407,14,73780440.24,0.983329145,0.865341059,1.117404747
4440_15_FCRL3,ieu-b-18,multiple sclerosis || id:ieu-b-18,4440_15_FCRL3,Inverse variance weighted,16,-0.207726017,0.048701171,2.00E-05,FCRL3,0.003832646,2.416501242,1,157724656.8,0.812429598,0.738465931,0.893801359
4455_89_MFGE8,ieu-b-18,multiple sclerosis || id:ieu-b-18,4455_89_MFGE8,Inverse variance weighted,7,0.09523251,0.060291841,0.114215537,MFGE8,0.758928934,0.119798889,15,88883227.77,1.099914567,0.977321611,1.237885299
4459_68_PCSK7,ieu-b-18,multiple sclerosis || id:ieu-b-18,4459_68_PCSK7,Inverse variance weighted,14,-0.014539202,0.046867482,0.756394116,PCSK7,0.993478776,0.002841407,11,117211575.6,0.985565982,0.89906543,1.080388892
4464_10_SIGLEC1,ieu-b-18,multiple sclerosis || id:ieu-b-18,4464_10_SIGLEC1,Inverse variance weighted,2,0.033750568,0.265784037,0.898952324,SIGLEC1,0.998431193,0.000681859,20,3694390.855,1.03432658,0.614352664,1.741396329
4467_49_SPARCL1,ieu-b-18,multiple sclerosis || id:ieu-b-18,4467_49_SPARCL1,Inverse variance weighted,10,-0.028775257,0.034725497,0.407302917,SPARCL1,0.942194699,0.025859343,4,87520793.19,0.971634808,0.90770374,1.040068647
4469_78_CHST15,ieu-b-18,multiple sclerosis || id:ieu-b-18,4469_78_CHST15,Inverse variance weighted,2,-0.007640066,0.159865857,0.961883226,CHST15,0.998431193,0.000681859,10,124185622,0.992389045,0.725439831,1.357570918
4471_50_TGM3,ieu-b-18,multiple sclerosis || id:ieu-b-18,4471_50_TGM3,Inverse variance weighted,9,-0.022246812,0.046420906,0.631767028,TGM3,0.977196122,0.010018265,20,2391494.83,0.977998823,0.892943662,1.071155705
4479_14_SERPING1,ieu-b-18,multiple sclerosis || id:ieu-b-18,4479_14_SERPING1,Inverse variance weighted,5,0.061890594,0.045288429,0.171754688,SERPING1,0.77898189,0.108472639,11,57600510.22,1.063845947,0.973483185,1.162596558
4496_60_MMP12,ieu-b-18,multiple sclerosis || id:ieu-b-18,4496_60_MMP12,Inverse variance weighted,11,-0.021474519,0.038944111,0.581346542,MMP12,0.977196122,0.010018265,11,102819263.1,0.978754417,0.906825738,1.056388419
4498_62_NCAM1,ieu-b-18,multiple sclerosis || id:ieu-b-18,4498_62_NCAM1,Inverse variance weighted,8,-0.0389307,0.046406567,0.401522641,NCAM1,0.940720759,0.026539272,11,113200257.9,0.961817361,0.87819416,1.053403312
4500_50_CLEC11A,ieu-b-18,multiple sclerosis || id:ieu-b-18,4500_50_CLEC11A,Inverse variance weighted,6,0.006658684,0.105741478,0.949789318,CLEC11A,0.998431193,0.000681859,19,50615388.57,1.006680902,0.81824407,1.238513637
4534_10_PRSS22,ieu-b-18,multiple sclerosis || id:ieu-b-18,4534_10_PRSS22,Inverse variance weighted,6,-0.093262843,0.067265221,0.16559603,PRSS22,0.773278821,0.111663884,16,2876606.281,0.910954031,0.798434234,1.039330743
4535_50_BST1,ieu-b-18,multiple sclerosis || id:ieu-b-18,4535_50_BST1,Inverse variance weighted,12,-0.020339723,0.026778178,0.447515611,BST1,0.964143158,0.015858476,4,15779431.07,0.979865733,0.929763569,1.032667753
4541_49_CDON,ieu-b-18,multiple sclerosis || id:ieu-b-18,4541_49_CDON,Inverse variance weighted,11,0.018241559,0.057824044,0.75240735,CDON,0.993478776,0.002841407,11,126155856.1,1.018408952,0.909287851,1.140625373
4546_27_ADGRE2,ieu-b-18,multiple sclerosis || id:ieu-b-18,4546_27_ADGRE2,Inverse variance weighted,13,0.013036967,0.046694667,0.780094366,ADGRE2,0.993478776,0.002841407,19,14573227.06,1.013122319,0.924516315,1.110220356
4548_4_FUT3,ieu-b-18,multiple sclerosis || id:ieu-b-18,4548_4_FUT3,Inverse variance weighted,7,-0.005806272,0.045333447,0.898086292,FUT3,0.998431193,0.000681859,19,5775393.872,0.994210552,0.909682331,1.086593185
4549_78_FUT5,ieu-b-18,multiple sclerosis || id:ieu-b-18,4549_78_FUT5,Inverse variance weighted,13,0.06383421,0.030469403,0.036168626,FUT5,0.54947895,0.260048941,19,5805787.087,1.065915666,1.004122655,1.131511376
4559_64_KYNU,ieu-b-18,multiple sclerosis || id:ieu-b-18,4559_64_KYNU,Inverse variance weighted,7,0.116119479,0.048589693,0.01685771,KYNU,0.371943062,0.429523537,2,143000929,1.123130055,1.021103271,1.235351171
4564_2_PLXNC1,ieu-b-18,multiple sclerosis || id:ieu-b-18,4564_2_PLXNC1,Inverse variance weighted,25,0.016035755,0.045436261,0.72414198,PLXNC1,0.993478776,0.002841407,12,94242563.9,1.016165018,0.929582873,1.110811498
4568_17_SLITRK5,ieu-b-18,multiple sclerosis || id:ieu-b-18,4568_17_SLITRK5,Inverse variance weighted,3,0.055005501,0.151930713,0.717319651,SLITRK5,0.993478776,0.002841407,13,87609721.2,1.056546427,0.784445096,1.423031845
4706_17_EPB41,ieu-b-18,multiple sclerosis || id:ieu-b-18,4706_17_EPB41,Inverse variance weighted,2,0.039832,0.340332839,0.90682965,EPB41,0.998431193,0.000681859,1,28997853,1.040635933,0.534074271,2.027663947
4721_54_TFF3,ieu-b-18,multiple sclerosis || id:ieu-b-18,4721_54_TFF3,Inverse variance weighted,3,0.242512968,0.17636117,0.169102687,TFF3,0.773278821,0.111663884,21,42413821.65,1.274447776,0.901987223,1.800709692
4763_31_AFM,ieu-b-18,multiple sclerosis || id:ieu-b-18,4763_31_AFM,Inverse variance weighted,2,0.04037088,0.135898947,0.76641655,AFM,0.993478776,0.002841407,4,73565727.94,1.041196862,0.797725236,1.358977823
4771_10_SMPDL3A,ieu-b-18,multiple sclerosis || id:ieu-b-18,4771_10_SMPDL3A,Inverse variance weighted,2,-0.180809033,0.07828734,0.020912722,SMPDL3A,0.415369919,0.381564958,6,122867034.9,0.834594724,0.715873202,0.973005206
4775_34_GSN,ieu-b-18,multiple sclerosis || id:ieu-b-18,4775_34_GSN,Inverse variance weighted,2,0.002306108,0.112976494,0.983714486,GSN,0.998431193,0.000681859,9,121274782.5,1.002308769,0.803219043,1.25074583
4801_13_LPO,ieu-b-18,multiple sclerosis || id:ieu-b-18,4801_13_LPO,Inverse variance weighted,4,0.027494203,0.149602748,0.854184945,LPO,0.998431193,0.000681859,17,58088324.67,1.027875656,0.766648254,1.378113573
4811_33_ITIH4,ieu-b-18,multiple sclerosis || id:ieu-b-18,4811_33_ITIH4,Inverse variance weighted,2,0.05394526,0.368885192,0.883733021,ITIH4,0.998431193,0.000681859,3,52802069.92,1.055426827,0.512184834,2.174851172
4831_4_SELL,ieu-b-18,multiple sclerosis || id:ieu-b-18,4831_4_SELL,Inverse variance weighted,6,-0.115015002,0.037646989,0.002249918,SELL,0.103676205,0.984320907,1,169734305.8,0.891352772,0.827949513,0.959611366
4834_61_EPHA2,ieu-b-18,multiple sclerosis || id:ieu-b-18,4834_61_EPHA2,Inverse variance weighted,2,-0.126156366,0.110521174,0.253675288,EPHA2,0.886168581,0.052483652,1,16188470.11,0.881477003,0.709795863,1.094683341
4867_15_VEGFA,ieu-b-18,multiple sclerosis || id:ieu-b-18,4867_15_VEGFA,Inverse variance weighted,12,0.01347836,0.044574754,0.762365027,VEGFA,0.993478776,0.002841407,6,43937247.14,1.013569603,0.928775565,1.106105047
4874_3_ANG,ieu-b-18,multiple sclerosis || id:ieu-b-18,4874_3_ANG,Inverse variance weighted,27,-0.005257933,0.033488346,0.875238659,ANG,0.998431193,0.000681859,14,20660035.77,0.994755865,0.931559616,1.062239297
4878_3_F10,ieu-b-18,multiple sclerosis || id:ieu-b-18,4878_3_F10,Inverse variance weighted,4,0.017259552,0.178431689,0.922941463,F10,0.998431193,0.000681859,13,113209370.5,1.017409358,0.717152652,1.443377223
4886_3_CCL7,ieu-b-18,multiple sclerosis || id:ieu-b-18,4886_3_CCL7,Inverse variance weighted,17,-0.063154321,0.038540071,0.101282751,CCL7,0.729061051,0.137236103,17,34306305.91,0.938798586,0.870495351,1.012461221
4906_35_F5,ieu-b-18,multiple sclerosis || id:ieu-b-18,4906_35_F5,Inverse variance weighted,7,0.07615794,0.064708793,0.239222092,F5,0.86119953,0.064896216,1,169450625.4,1.079132999,0.950591083,1.225056756
4908_6_ENG,ieu-b-18,multiple sclerosis || id:ieu-b-18,4908_6_ENG,Inverse variance weighted,7,0.044107298,0.073277804,0.547228096,ENG,0.977196122,0.010018265,9,127846588.8,1.045094486,0.905274381,1.206509879
4911_49_GSTP1,ieu-b-18,multiple sclerosis || id:ieu-b-18,4911_49_GSTP1,Inverse variance weighted,3,-0.219481415,0.130275642,0.092037516,GSTP1,0.729061051,0.137236103,11,67562145.13,0.80293508,0.621995965,1.036509526
4913_78_CCL16,ieu-b-18,multiple sclerosis || id:ieu-b-18,4913_78_CCL16,Inverse variance weighted,8,0.00431358,0.036113288,0.904922188,CCL16,0.998431193,0.000681859,17,35907364.79,1.004322897,0.935692423,1.077987228
4920_10_LYZ,ieu-b-18,multiple sclerosis || id:ieu-b-18,4920_10_LYZ,Inverse variance weighted,13,0.110149773,0.046125481,0.016938218,LYZ,0.371943062,0.429523537,12,69293765.69,1.116445272,1.01994003,1.222081699
4924_32_MMP1,ieu-b-18,multiple sclerosis || id:ieu-b-18,4924_32_MMP1,Inverse variance weighted,10,-0.014233747,0.043112367,0.741283144,MMP1,0.993478776,0.002841407,11,102813510.5,0.985867074,0.905983681,1.072794034
4929_55_SHBG,ieu-b-18,multiple sclerosis || id:ieu-b-18,4929_55_SHBG,Inverse variance weighted,3,-0.035562488,0.075415256,0.637244012,SHBG,0.977302673,0.009970914,17,7665088.945,0.965062428,0.832454769,1.118794106
4930_21_STC1,ieu-b-18,multiple sclerosis || id:ieu-b-18,4930_21_STC1,Inverse variance weighted,2,-0.153024288,0.156093821,0.32692062,STC1,0.902817555,0.044400005,8,23871701.03,0.85810888,0.631935354,1.165231293
4960_72_ANXA1,ieu-b-18,multiple sclerosis || id:ieu-b-18,4960_72_ANXA1,Inverse variance weighted,2,0.026634488,0.123800068,0.829657278,ANXA1,0.998431193,0.000681859,9,73182486.58,1.026992356,0.805724308,1.309025046
4961_17_ANXA2,ieu-b-18,multiple sclerosis || id:ieu-b-18,4961_17_ANXA2,Inverse variance weighted,10,0.05505989,0.042990821,0.200286422,ANXA2,0.819997463,0.086187491,15,60390381.7,1.056603893,0.971220143,1.149494061
4962_52_CDNF,ieu-b-18,multiple sclerosis || id:ieu-b-18,4962_52_CDNF,Inverse variance weighted,7,-0.039158375,0.138635462,0.777594118,CDNF,0.993478776,0.002841407,10,14963614.63,0.961598404,0.732798963,1.261835151
4964_67_ERAP1,ieu-b-18,multiple sclerosis || id:ieu-b-18,4964_67_ERAP1,Inverse variance weighted,12,0.005965742,0.018855927,0.75170992,ERAP1,0.993478776,0.002841407,5,96760094.95,1.005983572,0.96948345,1.043857889
4968_50_CAPG,ieu-b-18,multiple sclerosis || id:ieu-b-18,4968_50_CAPG,Inverse variance weighted,8,-0.032886801,0.052553919,0.531464125,CAPG,0.977196122,0.010018265,2,85454181.26,0.96764809,0.872936484,1.072635688
4971_1_CTSZ,ieu-b-18,multiple sclerosis || id:ieu-b-18,4971_1_CTSZ,Inverse variance weighted,11,0.035760074,0.090822576,0.693776313,CTSZ,0.993478776,0.002841407,20,58986330.78,1.036407156,0.867402492,1.238340681
4979_34_DPT,ieu-b-18,multiple sclerosis || id:ieu-b-18,4979_34_DPT,Inverse variance weighted,8,0.00490338,0.042769143,0.908724442,DPT,0.998431193,0.000681859,1,168699120.6,1.004915421,0.924110025,1.092786547
4982_54_PI3,ieu-b-18,multiple sclerosis || id:ieu-b-18,4982_54_PI3,Inverse variance weighted,5,0.065597816,0.058849506,0.264991593,PI3,0.886168581,0.052483652,20,45140957.17,1.06779718,0.95146991,1.19834669
4990_87_GP1BA,ieu-b-18,multiple sclerosis || id:ieu-b-18,4990_87_GP1BA,Inverse variance weighted,2,0.061692329,0.162514878,0.70423468,GP1BA,0.993478776,0.002841407,17,4772666.699,1.063635045,0.773494413,1.462608508
4991_12_GPC5,ieu-b-18,multiple sclerosis || id:ieu-b-18,4991_12_GPC5,Inverse variance weighted,22,-0.035427354,0.036842764,0.336259419,GPC5,0.911860098,0.040071788,13,92022396.27,0.965192849,0.897951544,1.037469385
4992_49_GRN,ieu-b-18,multiple sclerosis || id:ieu-b-18,4992_49_GRN,Inverse variance weighted,2,-0.036027501,0.177999743,0.839602479,GRN,0.998431193,0.000681859,17,44368324.06,0.964613765,0.680513923,1.367319147
4996_66_HRG,ieu-b-18,multiple sclerosis || id:ieu-b-18,4996_66_HRG,Inverse variance weighted,27,-0.008387652,0.017410593,0.629979517,HRG,0.977196122,0.010018265,3,186698926.7,0.991647426,0.958378569,1.026071169
5000_52_LGALS3BP,ieu-b-18,multiple sclerosis || id:ieu-b-18,5000_52_LGALS3BP,Inverse variance weighted,3,-0.193330937,0.104497111,0.064297992,LGALS3BP,0.652129767,0.185665976,17,78926771.73,0.824209168,0.671564459,1.011549589
5005_4_MAPK12,ieu-b-18,multiple sclerosis || id:ieu-b-18,5005_4_MAPK12,Inverse variance weighted,5,0.216767927,0.080803709,0.007304177,MAPK12,0.226518444,0.64489643,22,50263779,1.242055822,1.060131183,1.455199779
5015_15_PLA2G7,ieu-b-18,multiple sclerosis || id:ieu-b-18,5015_15_PLA2G7,Inverse variance weighted,2,-0.162764314,0.163686288,0.320044017,PLA2G7,0.902817555,0.044400005,6,46820299.03,0.849791449,0.616566288,1.171237416
5021_13_PPA1,ieu-b-18,multiple sclerosis || id:ieu-b-18,5021_13_PPA1,Inverse variance weighted,4,-0.031558134,0.180467838,0.861182991,PPA1,0.998431193,0.000681859,10,70239840.07,0.968934627,0.680263472,1.38010396
5029_3_FAP,ieu-b-18,multiple sclerosis || id:ieu-b-18,5029_3_FAP,Inverse variance weighted,2,-0.070957059,0.19227747,0.712101861,FAP,0.993478776,0.002841407,2,162052130,0.931501891,0.639019122,1.357855726
5034_79_PRSS2,ieu-b-18,multiple sclerosis || id:ieu-b-18,5034_79_PRSS2,Inverse variance weighted,9,0.055469045,0.066405028,0.403540979,PRSS2,0.940720759,0.026539272,7,142656866,1.057036296,0.928035947,1.203968159
5036_50_TNFAIP6,ieu-b-18,multiple sclerosis || id:ieu-b-18,5036_50_TNFAIP6,Inverse variance weighted,7,-0.009662695,0.030370509,0.750363235,TNFAIP6,0.993478776,0.002841407,2,151358074.7,0.990383839,0.933150398,1.051127611
5060_62_CD274,ieu-b-18,multiple sclerosis || id:ieu-b-18,5060_62_CD274,Inverse variance weighted,2,-0.174512736,0.121676679,0.151505719,CD274,0.770087598,0.113459871,9,5442956.835,0.839866158,0.661662927,1.066064207
5066_134_CD300C,ieu-b-18,multiple sclerosis || id:ieu-b-18,5066_134_CD300C,Inverse variance weighted,4,-0.073609193,0.062303746,0.23742125,CD300C,0.86119953,0.064896216,17,74461692.76,0.929034696,0.822238702,1.049701826
5069_9_CD55,ieu-b-18,multiple sclerosis || id:ieu-b-18,5069_9_CD55,Inverse variance weighted,4,-0.127467395,0.062005983,0.039808803,CD55,0.549483956,0.260044984,1,207397610.4,0.880322118,0.779580658,0.994081912
5078_82_EPHB6,ieu-b-18,multiple sclerosis || id:ieu-b-18,5078_82_EPHB6,Inverse variance weighted,4,-0.020264598,0.072715053,0.780486544,EPHB6,0.993478776,0.002841407,7,142759065.7,0.979939349,0.849772934,1.13004438
5087_5_IL22RA2,ieu-b-18,multiple sclerosis || id:ieu-b-18,5087_5_IL22RA2,Inverse variance weighted,5,0.234022636,0.243343254,0.336201501,IL22RA2,0.911860098,0.040071788,6,137126828.4,1.263673097,0.784326304,2.03597621
5090_49_LILRB1,ieu-b-18,multiple sclerosis || id:ieu-b-18,5090_49_LILRB1,Inverse variance weighted,21,-0.045654597,0.042735735,0.285385087,LILRB1,0.890498002,0.05036705,19,54594548.81,0.955371894,0.878607829,1.038842843
5091_28_LILRB2,ieu-b-18,multiple sclerosis || id:ieu-b-18,5091_28_LILRB2,Inverse variance weighted,17,0.02623608,0.033176394,0.429057418,LILRB2,0.95789563,0.018681808,19,54252464.23,1.026583275,0.961953032,1.095555797
5095_21_KIR2DL4,ieu-b-18,multiple sclerosis || id:ieu-b-18,5095_21_KIR2DL4,Inverse variance weighted,2,0.160784799,0.539283843,0.765592473,KIR2DL4,0.993478776,0.002841407,19,54807737.73,1.174432202,0.408112857,3.379680338
5102_55_MICB,ieu-b-18,multiple sclerosis || id:ieu-b-18,5102_55_MICB,Inverse variance weighted,11,-0.177915909,0.127031363,0.161343657,MICB,0.770087598,0.113459871,6,31379530.13,0.837012806,0.652530511,1.073651615
5105_2_RTN4R,ieu-b-18,multiple sclerosis || id:ieu-b-18,5105_2_RTN4R,Inverse variance weighted,10,-0.010856352,0.041727892,0.794732528,RTN4R,0.993478776,0.002841407,22,20178212.54,0.989202366,0.911518837,1.073506417
5108_72_NOTCH3,ieu-b-18,multiple sclerosis || id:ieu-b-18,5108_72_NOTCH3,Inverse variance weighted,2,-0.149640864,0.199181492,0.45248479,NOTCH3,0.964143158,0.015858476,19,15270027.8,0.861017143,0.58272693,1.272209129
5111_15_NRXN3,ieu-b-18,multiple sclerosis || id:ieu-b-18,5111_15_NRXN3,Inverse variance weighted,6,0.026616425,0.107387605,0.804247535,NRXN3,0.996229204,0.001640731,14,79456057.72,1.026973806,0.832049553,1.267562963
5112_73_CD200,ieu-b-18,multiple sclerosis || id:ieu-b-18,5112_73_CD200,Inverse variance weighted,2,-0.554830535,0.402947257,0.168533609,CD200,0.773278821,0.111663884,3,112342980.4,0.574169555,0.260642079,1.264840579
5116_62_ROBO2,ieu-b-18,multiple sclerosis || id:ieu-b-18,5116_62_ROBO2,Inverse variance weighted,4,0.249078802,0.15633178,0.111099537,ROBO2,0.752862742,0.123284195,3,77013296.67,1.28284312,0.944281002,1.742793159
5121_3_SEMA6B,ieu-b-18,multiple sclerosis || id:ieu-b-18,5121_3_SEMA6B,Inverse variance weighted,2,0.251998162,0.21120927,0.232822087,SEMA6B,0.86119953,0.064896216,19,4553685.196,1.286593673,0.850465011,1.946374346
5124_69_ICAM5,ieu-b-18,multiple sclerosis || id:ieu-b-18,5124_69_ICAM5,Inverse variance weighted,10,0.132735706,0.037817242,0.000448232,ICAM5,0.039657684,1.401672651,19,10217691.42,1.141948149,1.060365767,1.229807313
5128_53_SLAMF6,ieu-b-18,multiple sclerosis || id:ieu-b-18,5128_53_SLAMF6,Inverse variance weighted,2,-0.19210418,0.244942414,0.43287405,SLAMF6,0.959911089,0.017768991,1,160538097.3,0.825220892,0.510588493,1.333734564
5129_12_SCARF1,ieu-b-18,multiple sclerosis || id:ieu-b-18,5129_12_SCARF1,Inverse variance weighted,8,-0.027514067,0.047811893,0.56497692,SCARF1,0.977196122,0.010018265,17,1655696.54,0.972860998,0.88583429,1.06843744
5131_15_TNFRSF19,ieu-b-18,multiple sclerosis || id:ieu-b-18,5131_15_TNFRSF19,Inverse variance weighted,2,-0.155452755,0.144762123,0.282890076,TNFRSF19,0.889636358,0.050787476,13,23716009.42,0.856027519,0.644560548,1.136872427
5132_71_IL27RA,ieu-b-18,multiple sclerosis || id:ieu-b-18,5132_71_IL27RA,Inverse variance weighted,12,-0.004896471,0.036720895,0.893922204,IL27RA,0.998431193,0.000681859,19,14037259.73,0.995115498,0.92601076,1.069377265
5134_52_HAVCR2,ieu-b-18,multiple sclerosis || id:ieu-b-18,5134_52_HAVCR2,Inverse variance weighted,5,0.117955411,0.050556483,0.019640738,HAVCR2,0.415369919,0.381564958,5,157154866.4,1.125193938,1.019043767,1.242401396
5139_32_UNC5C,ieu-b-18,multiple sclerosis || id:ieu-b-18,5139_32_UNC5C,Inverse variance weighted,8,-0.070400647,0.067152378,0.294467426,UNC5C,0.895056662,0.048149471,4,95579133.32,0.932020334,0.817079153,1.063130666
5202_4_PPID,ieu-b-18,multiple sclerosis || id:ieu-b-18,5202_4_PPID,Inverse variance weighted,2,0.051014449,0.070711453,0.470635548,PPID,0.967772715,0.014226627,4,158701150.9,1.052338099,0.916145579,1.208776749
5231_79_PCSK9,ieu-b-18,multiple sclerosis || id:ieu-b-18,5231_79_PCSK9,Inverse variance weighted,5,-0.00083155,0.087357336,0.992405096,PCSK9,0.998431193,0.000681859,1,55089766.48,0.999168796,0.841935451,1.185765822
5238_26_PPIE,ieu-b-18,multiple sclerosis || id:ieu-b-18,5238_26_PPIE,Inverse variance weighted,5,-0.012351998,0.055467736,0.823778364,PPIE,0.998431193,0.000681859,1,39736506.35,0.987723975,0.885973038,1.101160656
5256_86_PDE5A,ieu-b-18,multiple sclerosis || id:ieu-b-18,5256_86_PDE5A,Inverse variance weighted,3,0.034684631,0.080975729,0.668408211,PDE5A,0.991777786,0.003585623,4,119724084.1,1.035293158,0.883355285,1.213364475
5346_24_CPNE1,ieu-b-18,multiple sclerosis || id:ieu-b-18,5346_24_CPNE1,Inverse variance weighted,8,-0.000865557,0.035068398,0.980308629,CPNE1,0.998431193,0.000681859,20,35742948.4,0.999134817,0.932767209,1.070224567
5349_69_DLL1,ieu-b-18,multiple sclerosis || id:ieu-b-18,5349_69_DLL1,Inverse variance weighted,3,-0.300825304,0.140609541,0.032400265,DLL1,0.548269042,0.261006276,6,170267546.6,0.740207073,0.561906393,0.975085028
5350_14_GPC6,ieu-b-18,multiple sclerosis || id:ieu-b-18,5350_14_GPC6,Inverse variance weighted,2,-0.162138067,0.300764804,0.58982758,GPC6,0.977196122,0.010018265,13,93806974.81,0.850323795,0.471593882,1.533205971
5353_89_IL1RN,ieu-b-18,multiple sclerosis || id:ieu-b-18,5353_89_IL1RN,Inverse variance weighted,3,-0.122099008,0.085948006,0.155428776,IL1RN,0.770087598,0.113459871,2,113076610.3,0.885060736,0.747846827,1.047450465
5355_69_TNFSF14,ieu-b-18,multiple sclerosis || id:ieu-b-18,5355_69_TNFSF14,Inverse variance weighted,4,-0.663241203,0.195571117,0.000695608,TNFSF14,0.047137656,1.326632021,19,6689903.194,0.515178826,0.3511434,0.755842835
5363_51_SEMA3E,ieu-b-18,multiple sclerosis || id:ieu-b-18,5363_51_SEMA3E,Inverse variance weighted,12,-0.001132932,0.033386597,0.972929984,SEMA3E,0.998431193,0.000681859,7,83516277.15,0.998867709,0.935596803,1.06641739
5392_73_FAS,ieu-b-18,multiple sclerosis || id:ieu-b-18,5392_73_FAS,Inverse variance weighted,6,0.10579402,0.065158173,0.104450682,FAS,0.729061051,0.137236103,10,89001440.21,1.111592887,0.978322412,1.263017928
5400_52_LEPR,ieu-b-18,multiple sclerosis || id:ieu-b-18,5400_52_LEPR,Inverse variance weighted,15,0.023768092,0.027616519,0.389432134,LEPR,0.94043714,0.026670228,1,65521439.61,1.024052805,0.970095959,1.081010735
5404_53_TNFRSF21,ieu-b-18,multiple sclerosis || id:ieu-b-18,5404_53_TNFRSF21,Inverse variance weighted,2,-0.162963168,0.151632122,0.282496876,TNFRSF21,0.889636358,0.050787476,6,47295822.11,0.849622481,0.631181306,1.143662453
5430_66_SIRPA,ieu-b-18,multiple sclerosis || id:ieu-b-18,5430_66_SIRPA,Inverse variance weighted,28,0.033691922,0.020470679,0.099792075,SIRPA,0.729061051,0.137236103,20,1944250.207,1.034265923,0.993590024,1.076607026
5451_1_ALCAM,ieu-b-18,multiple sclerosis || id:ieu-b-18,5451_1_ALCAM,Inverse variance weighted,3,0.003080252,0.213711332,0.988500372,ALCAM,0.998431193,0.000681859,3,105487047,1.003085001,0.659816207,1.524939081
5452_71_ASGR1,ieu-b-18,multiple sclerosis || id:ieu-b-18,5452_71_ASGR1,Inverse variance weighted,2,-0.025805469,0.205158733,0.899903745,ASGR1,0.998431193,0.000681859,17,7146168.79,0.974524646,0.651865788,1.456892361
5456_59_CNDP1,ieu-b-18,multiple sclerosis || id:ieu-b-18,5456_59_CNDP1,Inverse variance weighted,13,-0.027248411,0.042475645,0.521193532,CNDP1,0.977196122,0.010018265,18,74603262.88,0.973119478,0.895385726,1.057601759
5457_5_COLEC12,ieu-b-18,multiple sclerosis || id:ieu-b-18,5457_5_COLEC12,Inverse variance weighted,7,0.179319596,0.080482147,0.025876063,COLEC12,0.496820419,0.303800563,18,390482.3552,1.196403048,1.021809002,1.400829559
5459_33_CST1,ieu-b-18,multiple sclerosis || id:ieu-b-18,5459_33_CST1,Inverse variance weighted,10,-0.016840213,0.035819613,0.638255387,CST1,0.977302673,0.009970914,20,23767955.98,0.983300791,0.91663433,1.054815877
5462_62_FCN3,ieu-b-18,multiple sclerosis || id:ieu-b-18,5462_62_FCN3,Inverse variance weighted,4,-0.041549148,0.048867849,0.395194528,FCN3,0.940720759,0.026539272,1,27339553.52,0.959302186,0.871682408,1.055729329
5463_22_GAS1,ieu-b-18,multiple sclerosis || id:ieu-b-18,5463_22_GAS1,Inverse variance weighted,2,-0.00376449,0.171569216,0.982494602,GAS1,0.998431193,0.000681859,9,86828355.99,0.996242587,0.711741744,1.394465479
5465_32_HS6ST1,ieu-b-18,multiple sclerosis || id:ieu-b-18,5465_32_HS6ST1,Inverse variance weighted,4,0.002042543,0.096144848,0.983050665,HS6ST1,0.998431193,0.000681859,2,128307087,1.002044631,0.829940424,1.209837975
5478_50_FOLH1,ieu-b-18,multiple sclerosis || id:ieu-b-18,5478_50_FOLH1,Inverse variance weighted,3,0.018713679,0.095337122,0.844383555,FOLH1,0.998431193,0.000681859,11,49138945.71,1.018889877,0.845229508,1.228230406
5480_49_CCL5,ieu-b-18,multiple sclerosis || id:ieu-b-18,5480_49_CCL5,Inverse variance weighted,2,-0.152056571,0.079290961,0.055148589,CCL5,0.632894017,0.19866901,17,35737711.4,0.858939688,0.73530724,1.003359342
5483_1_RGMA,ieu-b-18,multiple sclerosis || id:ieu-b-18,5483_1_RGMA,Inverse variance weighted,5,-0.032980972,0.141667214,0.815912084,RGMA,0.998431193,0.000681859,15,93148772.89,0.96755697,0.732971315,1.277221184
5487_7_SLAMF7,ieu-b-18,multiple sclerosis || id:ieu-b-18,5487_7_SLAMF7,Inverse variance weighted,12,0.122662962,0.044084764,0.005395278,SLAMF7,0.200495497,0.697895377,1,160735387.7,1.130503334,1.036922119,1.232530164
5491_12_SPOCK2,ieu-b-18,multiple sclerosis || id:ieu-b-18,5491_12_SPOCK2,Inverse variance weighted,3,-0.109987703,0.082920988,0.184702029,SPOCK2,0.788926216,0.102963612,10,72096381.44,0.895845152,0.761463653,1.053942013
5508_62_CTSD,ieu-b-18,multiple sclerosis || id:ieu-b-18,5508_62_CTSD,Inverse variance weighted,9,-0.0033346,0.10699544,0.9751373,CTSD,0.998431193,0.000681859,11,1763681.975,0.996670953,0.808119235,1.229215871
5532_53_FGFR1,ieu-b-18,multiple sclerosis || id:ieu-b-18,5532_53_FGFR1,Inverse variance weighted,2,0.047599414,0.170913753,0.780628861,FGFR1,0.993478776,0.002841407,8,38588278.43,1.048750457,0.75021793,1.466077358
5542_22_NRP1,ieu-b-18,multiple sclerosis || id:ieu-b-18,5542_22_NRP1,Inverse variance weighted,7,0.009568335,0.05035521,0.849295976,NRP1,0.998431193,0.000681859,10,33221154.19,1.009614258,0.914728594,1.114342502
5581_28_FGL1,ieu-b-18,multiple sclerosis || id:ieu-b-18,5581_28_FGL1,Inverse variance weighted,13,0.014692485,0.027299802,0.590445765,FGL1,0.977196122,0.010018265,8,17874272.57,1.01480095,0.961928527,1.070579507
5584_21_TCN2,ieu-b-18,multiple sclerosis || id:ieu-b-18,5584_21_TCN2,Inverse variance weighted,10,0.016570188,0.025819544,0.521023041,TCN2,0.977196122,0.010018265,22,30613024.02,1.016708235,0.966536595,1.069484219
5593_11_PDIA5,ieu-b-18,multiple sclerosis || id:ieu-b-18,5593_11_PDIA5,Inverse variance weighted,14,0.037230783,0.025198947,0.139548683,PDIA5,0.769556868,0.113759282,3,123184548.2,1.03793253,0.987914471,1.090483001
5601_2_PGLYRP2,ieu-b-18,multiple sclerosis || id:ieu-b-18,5601_2_PGLYRP2,Inverse variance weighted,6,0.00194266,0.077952686,0.980117969,PGLYRP2,0.998431193,0.000681859,19,15486000.21,1.001944548,0.859981326,1.167342647
5604_30_HPSE,ieu-b-18,multiple sclerosis || id:ieu-b-18,5604_30_HPSE,Inverse variance weighted,3,0.092750583,0.124820911,0.457439744,HPSE,0.964143158,0.015858476,4,83302928.41,1.097188044,0.859075556,1.401298868
5618_50_FAM3B,ieu-b-18,multiple sclerosis || id:ieu-b-18,5618_50_FAM3B,Inverse variance weighted,7,0.034516619,0.053179575,0.516301001,FAM3B,0.977196122,0.010018265,21,41204043.48,1.035119231,0.932659266,1.14883523
5620_13_PAM,ieu-b-18,multiple sclerosis || id:ieu-b-18,5620_13_PAM,Inverse variance weighted,4,-0.053800561,0.050558001,0.287267342,PAM,0.890498002,0.05036705,5,103000553.3,0.94762108,0.85822048,1.046334517
5621_64_THSD1,ieu-b-18,multiple sclerosis || id:ieu-b-18,5621_64_THSD1,Inverse variance weighted,4,-0.107005053,0.048224055,0.026492545,THSD1,0.500318224,0.300753677,13,52360959.97,0.898521133,0.817483793,0.987591721
5628_21_SEMA3G,ieu-b-18,multiple sclerosis || id:ieu-b-18,5628_21_SEMA3G,Inverse variance weighted,7,0.038722179,0.081043605,0.632796558,SEMA3G,0.977196122,0.010018265,3,52385772.06,1.039481654,0.886811098,1.218435484
5630_48_CD300A,ieu-b-18,multiple sclerosis || id:ieu-b-18,5630_48_CD300A,Inverse variance weighted,21,0.004292445,0.029140685,0.882894644,CD300A,0.998431193,0.000681859,17,74456574.05,1.00430167,0.948547608,1.063332865
5631_83_MLN,ieu-b-18,multiple sclerosis || id:ieu-b-18,5631_83_MLN,Inverse variance weighted,9,-0.027458358,0.05186225,0.596494791,MLN,0.977196122,0.010018265,6,33778550.54,0.972915196,0.878878718,1.077013197
5632_6_CRTAC1,ieu-b-18,multiple sclerosis || id:ieu-b-18,5632_6_CRTAC1,Inverse variance weighted,11,-0.003814417,0.036208458,0.916101246,CRTAC1,0.998431193,0.000681859,10,97970812.74,0.996192849,0.927944834,1.069460333
5634_39_POFUT1,ieu-b-18,multiple sclerosis || id:ieu-b-18,5634_39_POFUT1,Inverse variance weighted,2,-0.018838011,0.057065484,0.741315199,POFUT1,0.993478776,0.002841407,20,32137272.65,0.981338315,0.877492949,1.097473079
5636_10_MFAP4,ieu-b-18,multiple sclerosis || id:ieu-b-18,5636_10_MFAP4,Inverse variance weighted,2,0.001638564,0.289570927,0.995485121,MFAP4,0.998431193,0.000681859,17,19224660.26,1.001639907,0.567837238,1.76684873
5637_81_NTNG1,ieu-b-18,multiple sclerosis || id:ieu-b-18,5637_81_NTNG1,Inverse variance weighted,14,0.027512749,0.035495592,0.43827864,NTNG1,0.963543881,0.016128502,1,107359645.9,1.02789472,0.958813582,1.101953054
5638_23_COLGALT1,ieu-b-18,multiple sclerosis || id:ieu-b-18,5638_23_COLGALT1,Inverse variance weighted,3,-0.003957597,0.115460353,0.972656527,COLGALT1,0.998431193,0.000681859,19,17399325.2,0.996050224,0.794327139,1.249001828
5644_60_RNASE4,ieu-b-18,multiple sclerosis || id:ieu-b-18,5644_60_RNASE4,Inverse variance weighted,13,0.079186307,0.050293123,0.115372888,RNASE4,0.758928934,0.119798889,14,20712325.33,1.082405963,0.980798529,1.194539586
5646_20_RNASE6,ieu-b-18,multiple sclerosis || id:ieu-b-18,5646_20_RNASE6,Inverse variance weighted,30,0.030491311,0.027057844,0.259787484,RNASE6,0.886168581,0.052483652,14,20787055.49,1.030960932,0.97771011,1.087112051
5648_28_CTRB2,ieu-b-18,multiple sclerosis || id:ieu-b-18,5648_28_CTRB2,Inverse variance weighted,12,0.122521648,0.034740225,0.000420622,CTRB2,0.039657684,1.401672651,16,75102364.39,1.13034359,1.05593941,1.209990477
5649_83_PSG4,ieu-b-18,multiple sclerosis || id:ieu-b-18,5649_83_PSG4,Inverse variance weighted,8,-0.035770625,0.045122364,0.427925153,PSG4,0.95789563,0.018681808,19,43217006.02,0.964861583,0.883193946,1.054080906
5657_28_ST3GAL1,ieu-b-18,multiple sclerosis || id:ieu-b-18,5657_28_ST3GAL1,Inverse variance weighted,7,-0.042225001,0.061718414,0.493876896,ST3GAL1,0.973425835,0.011697132,8,133388714.1,0.958654058,0.849427154,1.08192633
5658_64_F13B,ieu-b-18,multiple sclerosis || id:ieu-b-18,5658_64_F13B,Inverse variance weighted,2,-0.036434459,0.047561898,0.443650708,F13B,0.964143158,0.015858476,1,197064150.6,0.964221287,0.878397742,1.058430192
5660_51_SOD3,ieu-b-18,multiple sclerosis || id:ieu-b-18,5660_51_SOD3,Inverse variance weighted,20,0.037751988,0.037649563,0.315995742,SOD3,0.902817555,0.044400005,4,24754263.66,1.038473647,0.964600594,1.118004201
5663_18_PF4V1,ieu-b-18,multiple sclerosis || id:ieu-b-18,5663_18_PF4V1,Inverse variance weighted,6,-0.000605669,0.054660456,0.991159166,PF4V1,0.998431193,0.000681859,4,73761803.44,0.999394514,0.897860864,1.11240999
5671_1_CTRB1,ieu-b-18,multiple sclerosis || id:ieu-b-18,5671_1_CTRB1,Inverse variance weighted,10,-0.028539136,0.034896061,0.413452787,CTRB1,0.943163585,0.025412975,16,75192467.64,0.971864259,0.907614623,1.040662098
5676_54_ASIP,ieu-b-18,multiple sclerosis || id:ieu-b-18,5676_54_ASIP,Inverse variance weighted,3,0.033493106,0.06032561,0.578754155,ASIP,0.977196122,0.010018265,20,34143248.18,1.034060315,0.918746453,1.16384747
5680_54_OBP2B,ieu-b-18,multiple sclerosis || id:ieu-b-18,5680_54_OBP2B,Inverse variance weighted,10,0.025382559,0.067969679,0.708821408,OBP2B,0.993478776,0.002841407,9,133289361.8,1.025707439,0.897773013,1.171872774
5688_65_CBLN4,ieu-b-18,multiple sclerosis || id:ieu-b-18,5688_65_CBLN4,Inverse variance weighted,9,-0.02281772,0.057588531,0.691942841,CBLN4,0.993478776,0.002841407,20,55880949.51,0.977440636,0.873112173,1.094235341
5691_2_CRISPLD2,ieu-b-18,multiple sclerosis || id:ieu-b-18,5691_2_CRISPLD2,Inverse variance weighted,10,0.11413523,0.057901781,0.048702504,CRISPLD2,0.606026629,0.217508292,16,84829268.92,1.120903694,1.00064795,1.255611519
5698_60_TNXB,ieu-b-18,multiple sclerosis || id:ieu-b-18,5698_60_TNXB,Inverse variance weighted,8,-0.334764993,0.465581555,0.472125231,TNXB,0.967772715,0.014226627,6,32134687.27,0.715506215,0.287278014,1.782068653
5703_26_OLFM1,ieu-b-18,multiple sclerosis || id:ieu-b-18,5703_26_OLFM1,Inverse variance weighted,5,0.012021586,0.105970899,0.909679876,OLFM1,0.998431193,0.000681859,9,134906168.6,1.012094136,0.822274189,1.245733544
5708_1_LEAP2,ieu-b-18,multiple sclerosis || id:ieu-b-18,5708_1_LEAP2,Inverse variance weighted,7,-0.073046817,0.049971035,0.143800643,LEAP2,0.769556868,0.113759282,5,133017141.3,0.92955731,0.842829964,1.025208915
5722_78_PRCP,ieu-b-18,multiple sclerosis || id:ieu-b-18,5722_78_PRCP,Inverse variance weighted,4,0.055002629,0.088262614,0.533172693,PRCP,0.977196122,0.010018265,11,82861616.97,1.056543393,0.888703079,1.256082
5727_35_B3GALTL,ieu-b-18,multiple sclerosis || id:ieu-b-18,5727_35_B3GALTL,Inverse variance weighted,3,-0.006882529,0.113717843,0.951739212,B3GALTL,0.998431193,0.000681859,13,31294674.57,0.993141102,0.794716762,1.241107894
5728_60_FCRL1,ieu-b-18,multiple sclerosis || id:ieu-b-18,5728_60_FCRL1,Inverse variance weighted,10,-0.199608667,0.067868154,0.003270234,FCRL1,0.139530003,0.855332398,1,157771580.4,0.819051212,0.717035269,0.935581437
5731_1_SPINK6,ieu-b-18,multiple sclerosis || id:ieu-b-18,5731_1_SPINK6,Inverse variance weighted,9,-0.059983824,0.04269914,0.160080256,SPINK6,0.770087598,0.113459871,5,148130019.7,0.941779768,0.866169954,1.023989723
5736_1_TREML2,ieu-b-18,multiple sclerosis || id:ieu-b-18,5736_1_TREML2,Inverse variance weighted,14,-0.02753839,0.036448816,0.449927486,TREML2,0.964143158,0.015858476,6,41224200.77,0.972837335,0.905762573,1.044879209
5737_61_SEMA4D,ieu-b-18,multiple sclerosis || id:ieu-b-18,5737_61_SEMA4D,Inverse variance weighted,13,-0.045527538,0.042006823,0.278447755,SEMA4D,0.889636358,0.050787476,9,89455654.19,0.95549329,0.879975766,1.037491557
5740_17_ROBO1,ieu-b-18,multiple sclerosis || id:ieu-b-18,5740_17_ROBO1,Inverse variance weighted,5,-0.031133031,0.075044681,0.678244444,ROBO1,0.993478776,0.002841407,3,79103539.08,0.969346611,0.83675781,1.122944825
5742_14_ACP6,ieu-b-18,multiple sclerosis || id:ieu-b-18,5742_14_ACP6,Inverse variance weighted,13,-0.012987485,0.035755584,0.716433408,ACP6,0.993478776,0.002841407,1,147651488.3,0.987096488,0.92028817,1.058754756
5749_53_CLPS,ieu-b-18,multiple sclerosis || id:ieu-b-18,5749_53_CLPS,Inverse variance weighted,9,-0.086372779,0.050303305,0.085971892,CLPS,0.729061051,0.137236103,6,35854442.28,0.917252235,0.831131498,1.012296689
5803_24_C3,ieu-b-18,multiple sclerosis || id:ieu-b-18,5803_24_C3,Inverse variance weighted,2,0.325002388,0.210870771,0.123258477,C3,0.769556868,0.113759282,19,6702135.37,1.384033951,0.915482231,2.092394492
5810_25_TDGF1,ieu-b-18,multiple sclerosis || id:ieu-b-18,5810_25_TDGF1,Inverse variance weighted,8,-0.022006766,0.025601129,0.390008809,TDGF1,0.94043714,0.026670228,3,46545374.88,0.978233616,0.930358783,1.028572015
5834_18_IL9,ieu-b-18,multiple sclerosis || id:ieu-b-18,5834_18_IL9,Inverse variance weighted,2,0.005396679,0.179301453,0.975988613,IL9,0.998431193,0.000681859,5,136045617.8,1.005411267,0.707488313,1.428789419
5837_49_LIFR,ieu-b-18,multiple sclerosis || id:ieu-b-18,5837_49_LIFR,Inverse variance weighted,6,0.030410112,0.101926714,0.765433972,LIFR,0.993478776,0.002841407,5,38665494.88,1.030877223,0.84419966,1.258834726
5852_6_S100A12,ieu-b-18,multiple sclerosis || id:ieu-b-18,5852_6_S100A12,Inverse variance weighted,4,-0.070238769,0.077320432,0.363660855,S100A12,0.91472166,0.038711037,1,153563134.8,0.93217122,0.801086126,1.08470632
5939_42_TNFSF12,ieu-b-18,multiple sclerosis || id:ieu-b-18,5939_42_TNFSF12,Inverse variance weighted,4,-0.142439933,0.049687937,0.004147886,TNFSF12,0.164771177,0.783118756,17,7527173.314,0.867239645,0.786762945,0.955948176
5963_9_DMKN,ieu-b-18,multiple sclerosis || id:ieu-b-18,5963_9_DMKN,Inverse variance weighted,2,0.10666853,0.318450388,0.737654341,DMKN,0.993478776,0.002841407,19,35509710.44,1.112565411,0.596012148,2.076806319
6039_24_CRHBP,ieu-b-18,multiple sclerosis || id:ieu-b-18,6039_24_CRHBP,Inverse variance weighted,16,-0.010801875,0.034156975,0.751818722,CRHBP,0.993478776,0.002841407,5,76925644.24,0.989256256,0.925196117,1.057751888
6060_2_PIP,ieu-b-18,multiple sclerosis || id:ieu-b-18,6060_2_PIP,Inverse variance weighted,7,0.052271696,0.054946249,0.341439835,PIP,0.911860098,0.040071788,7,143141972.7,1.053661979,0.946084914,1.173471377
6077_63_CECR1,ieu-b-18,multiple sclerosis || id:ieu-b-18,6077_63_CECR1,Inverse variance weighted,18,-0.00479462,0.038744018,0.901512234,CECR1,0.998431193,0.000681859,22,17144121.61,0.995216855,0.922440047,1.073735461
6081_52_PCOLCE2,ieu-b-18,multiple sclerosis || id:ieu-b-18,6081_52_PCOLCE2,Inverse variance weighted,13,-0.021055793,0.042721132,0.622107285,PCOLCE2,0.977196122,0.010018265,3,142960510.5,0.979164333,0.90051432,1.064683558
6086_15_CHRDL2,ieu-b-18,multiple sclerosis || id:ieu-b-18,6086_15_CHRDL2,Inverse variance weighted,5,-0.126223707,0.064058343,0.048786919,CHRDL2,0.606026629,0.217508292,11,74652661.71,0.881417645,0.777417259,0.99933087
6207_10_PSAP,ieu-b-18,multiple sclerosis || id:ieu-b-18,6207_10_PSAP,Inverse variance weighted,10,-0.036066412,0.044056646,0.412993399,PSAP,0.943163585,0.025412975,10,71799718.33,0.964576232,0.884778951,1.051570345
6223_5_GUCA2B,ieu-b-18,multiple sclerosis || id:ieu-b-18,6223_5_GUCA2B,Inverse variance weighted,2,0.103157621,0.149255445,0.489472459,GUCA2B,0.973425835,0.011697132,1,41931258.86,1.108666144,0.827469483,1.485421087
6227_1_KLK10,ieu-b-18,multiple sclerosis || id:ieu-b-18,6227_1_KLK10,Inverse variance weighted,23,0.010232627,0.027453691,0.709354493,KLK10,0.993478776,0.002841407,19,50997546.43,1.010285159,0.957359211,1.066137027
6234_74_VIT,ieu-b-18,multiple sclerosis || id:ieu-b-18,6234_74_VIT,Inverse variance weighted,7,0.007934618,0.040594792,0.845033618,VIT,0.998431193,0.000681859,2,36711058.67,1.007966181,0.930874164,1.091442711
6247_9_SIRPB1,ieu-b-18,multiple sclerosis || id:ieu-b-18,6247_9_SIRPB1,Inverse variance weighted,20,0.017382082,0.018926008,0.358397417,SIRPB1,0.91472166,0.038711037,20,1605278.623,1.01753403,0.980480136,1.055988249
6252_62_SCGB3A1,ieu-b-18,multiple sclerosis || id:ieu-b-18,6252_62_SCGB3A1,Inverse variance weighted,4,-0.039923844,0.106016872,0.706485684,SCGB3A1,0.993478776,0.002841407,5,180594154.2,0.960862612,0.780580884,1.182781924
6255_74_CPXM1,ieu-b-18,multiple sclerosis || id:ieu-b-18,6255_74_CPXM1,Inverse variance weighted,13,-0.016056836,0.042010571,0.702306031,CPXM1,0.993478776,0.002841407,20,2747402.841,0.984071387,0.906288531,1.068530012
6342_10_NPNT,ieu-b-18,multiple sclerosis || id:ieu-b-18,6342_10_NPNT,Inverse variance weighted,2,-0.010799207,0.363171497,0.976277734,NPNT,0.998431193,0.000681859,4,105809093.3,0.989258895,0.485480896,2.015801587
6359_50_POMGNT2,ieu-b-18,multiple sclerosis || id:ieu-b-18,6359_50_POMGNT2,Inverse variance weighted,3,-0.024299505,0.063577759,0.702312027,POMGNT2,0.993478776,0.002841407,3,43040442.07,0.975993351,0.861645012,1.105516783
6364_7_TAPBPL,ieu-b-18,multiple sclerosis || id:ieu-b-18,6364_7_TAPBPL,Inverse variance weighted,23,0.053126338,0.024832499,0.032404299,TAPBPL,0.548269042,0.261006276,12,6470730.913,1.054562868,1.004464576,1.107159843
6366_38_TXNDC15,ieu-b-18,multiple sclerosis || id:ieu-b-18,6366_38_TXNDC15,Inverse variance weighted,4,0.003707404,0.101854923,0.97096432,TXNDC15,0.998431193,0.000681859,5,135129039.7,1.003714284,0.82207122,1.225492805
6367_66_FMOD,ieu-b-18,multiple sclerosis || id:ieu-b-18,6367_66_FMOD,Inverse variance weighted,4,0.117544646,0.093483133,0.208612877,FMOD,0.828248534,0.081839324,1,203308389.9,1.124731843,0.936428325,1.350900742
6373_54_DLK1,ieu-b-18,multiple sclerosis || id:ieu-b-18,6373_54_DLK1,Inverse variance weighted,10,0.024029527,0.044188183,0.586579212,DLK1,0.977196122,0.010018265,14,100676606.5,1.024320563,0.93933856,1.116990892
6375_75_XXYLT1,ieu-b-18,multiple sclerosis || id:ieu-b-18,6375_75_XXYLT1,Inverse variance weighted,4,0.09415955,0.070372018,0.180888143,XXYLT1,0.787982734,0.103483299,3,195248982.2,1.098735035,0.957174461,1.261231601
6379_62_ADAMTSL2,ieu-b-18,multiple sclerosis || id:ieu-b-18,6379_62_ADAMTSL2,Inverse variance weighted,4,0.201145114,0.220003417,0.360568805,ADAMTSL2,0.91472166,0.038711037,9,133661253.1,1.222802205,0.794484675,1.88203156
6382_17_MANBA,ieu-b-18,multiple sclerosis || id:ieu-b-18,6382_17_MANBA,Inverse variance weighted,3,-0.073021664,0.256789913,0.776131871,MANBA,0.993478776,0.002841407,4,102796117.7,0.929580691,0.561957029,1.537698111
6385_63_VWA1,ieu-b-18,multiple sclerosis || id:ieu-b-18,6385_63_VWA1,Inverse variance weighted,6,-0.114701699,0.091329129,0.209146487,VWA1,0.828248534,0.081839324,1,1430444.577,0.891632079,0.745495045,1.066415893
6388_21_CCDC126,ieu-b-18,multiple sclerosis || id:ieu-b-18,6388_21_CCDC126,Inverse variance weighted,8,-0.177154356,0.054841683,0.001236662,CCDC126,0.071231716,1.147326596,7,23703556.84,0.837650478,0.752281978,0.932706544
6392_7_WISP2,ieu-b-18,multiple sclerosis || id:ieu-b-18,6392_7_WISP2,Inverse variance weighted,11,0.124599702,0.046036395,0.006798681,WISP2,0.222525728,0.65261977,20,44645342.93,1.132694946,1.034965784,1.239652423
6393_63_HSP90B1,ieu-b-18,multiple sclerosis || id:ieu-b-18,6393_63_HSP90B1,Inverse variance weighted,13,0.048666998,0.027730569,0.07926024,HSP90B1,0.698584534,0.155781033,12,103934472.1,1.049870684,0.994331211,1.108512375
6402_8_PILRA,ieu-b-18,multiple sclerosis || id:ieu-b-18,6402_8_PILRA,Inverse variance weighted,5,-0.020813683,0.027126194,0.442908537,PILRA,0.964143158,0.015858476,7,100358679.5,0.979401426,0.928689317,1.032882726
6404_20_C1QL1,ieu-b-18,multiple sclerosis || id:ieu-b-18,6404_20_C1QL1,Inverse variance weighted,3,-0.188341332,0.069780794,0.006953929,C1QL1,0.222525728,0.65261977,17,45063741.1,0.828331923,0.72244666,0.949736241
6408_2_INHBC,ieu-b-18,multiple sclerosis || id:ieu-b-18,6408_2_INHBC,Inverse variance weighted,2,-0.553855301,0.16124385,0.000592789,INHBC,0.042680792,1.369767526,12,57468672.27,0.574729778,0.418996276,0.788346665
6409_57_ADGRF5,ieu-b-18,multiple sclerosis || id:ieu-b-18,6409_57_ADGRF5,Inverse variance weighted,9,0.013341397,0.024137394,0.580450147,ADGRF5,0.977196122,0.010018265,6,46922146.83,1.013430791,0.966602536,1.062527698
6414_8_OAF,ieu-b-18,multiple sclerosis || id:ieu-b-18,6414_8_OAF,Inverse variance weighted,11,-0.028741401,0.035114308,0.413066213,OAF,0.943163585,0.025412975,11,120219042.3,0.971667704,0.907042978,1.040896793
6415_90_CPN2,ieu-b-18,multiple sclerosis || id:ieu-b-18,6415_90_CPN2,Inverse variance weighted,10,0.028164892,0.042276584,0.505279761,CPN2,0.977196122,0.010018265,3,194359066.6,1.028565273,0.946771776,1.117425073
6416_8_GKN2,ieu-b-18,multiple sclerosis || id:ieu-b-18,6416_8_GKN2,Inverse variance weighted,6,0.117558231,0.078791511,0.135694835,GKN2,0.769556868,0.113759282,2,68983373.11,1.124747123,0.963798403,1.312573341
6425_87_MMP19,ieu-b-18,multiple sclerosis || id:ieu-b-18,6425_87_MMP19,Inverse variance weighted,2,0.087826086,0.298678812,0.768720768,MMP19,0.993478776,0.002841407,12,55869404.63,1.091798226,0.607997575,1.960572567
6431_68_PCYOX1,ieu-b-18,multiple sclerosis || id:ieu-b-18,6431_68_PCYOX1,Inverse variance weighted,8,0.103650977,0.063385891,0.101999303,PCYOX1,0.729061051,0.137236103,2,70370506.43,1.109213246,0.979625062,1.255943802
6433_57_FAM20A,ieu-b-18,multiple sclerosis || id:ieu-b-18,6433_57_FAM20A,Inverse variance weighted,2,-0.073999449,0.09498036,0.435919257,FAM20A,0.960189263,0.017643155,17,68605445.2,0.928672206,0.770927492,1.118694137
6434_18_AOC2,ieu-b-18,multiple sclerosis || id:ieu-b-18,6434_18_AOC2,Inverse variance weighted,2,-0.123696739,0.772132062,0.872722323,AOC2,0.998431193,0.000681859,17,42701512.05,0.883647776,0.194548151,4.01357395
6444_15_PSG3,ieu-b-18,multiple sclerosis || id:ieu-b-18,6444_15_PSG3,Inverse variance weighted,5,-0.021682251,0.037529116,0.56343645,PSG3,0.977196122,0.010018265,19,42879883.29,0.97855112,0.90915533,1.053243887
6448_36_SEMA3C,ieu-b-18,multiple sclerosis || id:ieu-b-18,6448_36_SEMA3C,Inverse variance weighted,2,-0.10906053,0.132279475,0.409672249,SEMA3C,0.943163585,0.025412975,7,80978670.49,0.89667614,0.691889997,1.162075047
6451_64_ASPN,ieu-b-18,multiple sclerosis || id:ieu-b-18,6451_64_ASPN,Inverse variance weighted,3,0.02611832,0.042200912,0.535979503,ASPN,0.977196122,0.010018265,9,92496635.33,1.026462392,0.944976265,1.114975138
6461_54_APOC3,ieu-b-18,multiple sclerosis || id:ieu-b-18,6461_54_APOC3,Inverse variance weighted,4,-0.070194665,0.083476049,0.400406275,APOC3,0.940720759,0.026539272,11,116923293.9,0.932212333,0.791513992,1.097921001
6462_12_TIMP4,ieu-b-18,multiple sclerosis || id:ieu-b-18,6462_12_TIMP4,Inverse variance weighted,9,-0.084520761,0.044333217,0.056586878,TIMP4,0.632894017,0.19866901,3,12127067.65,0.918952577,0.842472831,1.002375161
6467_65_POGLUT1,ieu-b-18,multiple sclerosis || id:ieu-b-18,6467_65_POGLUT1,Inverse variance weighted,4,0.012252978,0.114600834,0.914853435,POGLUT1,0.998431193,0.000681859,3,119503550.7,1.012328354,0.808669758,1.267277137
6470_19_FBLN1,ieu-b-18,multiple sclerosis || id:ieu-b-18,6470_19_FBLN1,Inverse variance weighted,5,0.008292641,0.094549596,0.930109731,FBLN1,0.998431193,0.000681859,22,45529375.09,1.00832712,0.837759202,1.213622695
6471_53_CFHR4,ieu-b-18,multiple sclerosis || id:ieu-b-18,6471_53_CFHR4,Inverse variance weighted,4,-0.070161767,0.042447074,0.098346435,CFHR4,0.729061051,0.137236103,1,196993786.5,0.932243002,0.857822538,1.013119819
6472_40_PMEL,ieu-b-18,multiple sclerosis || id:ieu-b-18,6472_40_PMEL,Inverse variance weighted,2,-0.123127464,0.125769869,0.327584842,PMEL,0.902817555,0.044400005,12,55986793.31,0.884150958,0.690985522,1.131315912
6485_59_IGLL1,ieu-b-18,multiple sclerosis || id:ieu-b-18,6485_59_IGLL1,Inverse variance weighted,9,0.045456389,0.045432876,0.317060118,IGLL1,0.902817555,0.044400005,22,23651410.11,1.046505365,0.957344428,1.14397018
6493_9_CPZ,ieu-b-18,multiple sclerosis || id:ieu-b-18,6493_9_CPZ,Inverse variance weighted,2,-0.105327934,0.187370141,0.574021791,CPZ,0.977196122,0.010018265,4,8572892.79,0.900029324,0.623395949,1.299419391
6496_60_DLK1,ieu-b-18,multiple sclerosis || id:ieu-b-18,6496_60_DLK1,Inverse variance weighted,8,0.037615714,0.044990987,0.403114287,DLK1,0.940720759,0.026539272,14,100685509.2,1.038332139,0.95069059,1.134053121
6507_16_NCAM2,ieu-b-18,multiple sclerosis || id:ieu-b-18,6507_16_NCAM2,Inverse variance weighted,18,0.001226255,0.033025451,0.97038086,NCAM2,0.998431193,0.000681859,21,21317557.42,1.001227008,0.938470715,1.068179864
6520_87_MGP,ieu-b-18,multiple sclerosis || id:ieu-b-18,6520_87_MGP,Inverse variance weighted,3,-0.005630389,0.071723765,0.93742952,MGP,0.998431193,0.000681859,12,14803240.81,0.994385432,0.863977142,1.144477487
6521_35_NPTX2,ieu-b-18,multiple sclerosis || id:ieu-b-18,6521_35_NPTX2,Inverse variance weighted,2,-0.088289393,0.146241252,0.546026976,NPTX2,0.977196122,0.010018265,7,98628639.76,0.9154959,0.68734272,1.219381131
6544_33_NELL1,ieu-b-18,multiple sclerosis || id:ieu-b-18,6544_33_NELL1,Inverse variance weighted,15,0.030858096,0.047447889,0.515461247,NELL1,0.977196122,0.010018265,11,21100731.2,1.031339142,0.939751532,1.131852825
6551_94_SERPINA12,ieu-b-18,multiple sclerosis || id:ieu-b-18,6551_94_SERPINA12,Inverse variance weighted,21,-0.009108465,0.027105982,0.736847095,SERPINA12,0.993478776,0.002841407,14,94525229.85,0.990932892,0.939660922,1.045002482
6556_5_ENPP5,ieu-b-18,multiple sclerosis || id:ieu-b-18,6556_5_ENPP5,Inverse variance weighted,12,-0.027604612,0.044821225,0.537972019,ENPP5,0.977196122,0.010018265,6,46080765.96,0.972772914,0.890961366,1.062096717
6557_50_LRRC15,ieu-b-18,multiple sclerosis || id:ieu-b-18,6557_50_LRRC15,Inverse variance weighted,13,0.040647191,0.052681834,0.44037512,LRRC15,0.964143158,0.015858476,3,194398979.1,1.041484596,0.939310482,1.154772766
6574_11_FAIM3,ieu-b-18,multiple sclerosis || id:ieu-b-18,6574_11_FAIM3,Inverse variance weighted,3,0.060515746,0.180906956,0.737992412,FAIM3,0.993478776,0.002841407,1,206928676,1.062384325,0.745230369,1.514512158
6576_1_ART4,ieu-b-18,multiple sclerosis || id:ieu-b-18,6576_1_ART4,Inverse variance weighted,12,-0.02675664,0.032534517,0.410844856,ART4,0.943163585,0.025412975,12,14905032.43,0.973598148,0.913452143,1.03770445
6580_29_PZP,ieu-b-18,multiple sclerosis || id:ieu-b-18,6580_29_PZP,Inverse variance weighted,8,-0.046687544,0.036214741,0.197333363,PZP,0.817337459,0.087598597,12,9087705.214,0.954385554,0.888990761,1.024590836
6605_17_IGFALS,ieu-b-18,multiple sclerosis || id:ieu-b-18,6605_17_IGFALS,Inverse variance weighted,4,-0.231230817,0.168177058,0.169154742,IGFALS,0.773278821,0.111663884,16,1841247.424,0.793556278,0.570719262,1.103399884
6620_82_LINGO1,ieu-b-18,multiple sclerosis || id:ieu-b-18,6620_82_LINGO1,Inverse variance weighted,2,0.056301642,0.216500794,0.79482303,LINGO1,0.993478776,0.002841407,15,77636476.61,1.057916748,0.692089557,1.617114192
6626_81_CHST12,ieu-b-18,multiple sclerosis || id:ieu-b-18,6626_81_CHST12,Inverse variance weighted,4,0.070306475,0.093187527,0.450571684,CHST12,0.964143158,0.015858476,7,2392409.845,1.072836928,0.89373937,1.287824071
6627_25_PNLIPRP1,ieu-b-18,multiple sclerosis || id:ieu-b-18,6627_25_PNLIPRP1,Inverse variance weighted,2,0.22461092,0.097085314,0.020692876,PNLIPRP1,0.415369919,0.381564958,10,116540387.5,1.251835558,1.03491956,1.51421649
6629_3_DEFB1,ieu-b-18,multiple sclerosis || id:ieu-b-18,6629_3_DEFB1,Inverse variance weighted,15,-0.028111106,0.041504746,0.498216524,DEFB1,0.973425835,0.011697132,8,6878261.989,0.972280335,0.896317651,1.054680836
6649_51_NTN1,ieu-b-18,multiple sclerosis || id:ieu-b-18,6649_51_NTN1,Inverse variance weighted,9,0.060172821,0.041192117,0.144074495,NTN1,0.769556868,0.113759282,17,9094202.054,1.06202007,0.979646263,1.151320301
6713_4_LRP11,ieu-b-18,multiple sclerosis || id:ieu-b-18,6713_4_LRP11,Inverse variance weighted,17,0.026697872,0.026436707,0.312553319,LRP11,0.902817555,0.044400005,6,149911223.5,1.027057453,0.975194761,1.0816783
6715_63_ALPPL2,ieu-b-18,multiple sclerosis || id:ieu-b-18,6715_63_ALPPL2,Inverse variance weighted,6,-0.146490218,0.091381783,0.108922044,ALPPL2,0.742474524,0.129318444,2,232444032.3,0.863734182,0.722095042,1.033155878
6897_38_B3GAT3,ieu-b-18,multiple sclerosis || id:ieu-b-18,6897_38_B3GAT3,Inverse variance weighted,6,0.082930238,0.062683172,0.185833244,B3GAT3,0.788926216,0.102963612,11,62754092.04,1.086466012,0.960857871,1.228494278
6919_3_HBZ,ieu-b-18,multiple sclerosis || id:ieu-b-18,6919_3_HBZ,Inverse variance weighted,11,0.019873386,0.050767471,0.69545795,HBZ,0.993478776,0.002841407,16,265841.5678,1.020072177,0.923457171,1.12679535
6920_1_GFRAL,ieu-b-18,multiple sclerosis || id:ieu-b-18,6920_1_GFRAL,Inverse variance weighted,6,0.095446915,0.094395317,0.311949255,GFRAL,0.902817555,0.044400005,6,55404632.93,1.100150419,0.914326174,1.323740892
6925_26_SNX8,ieu-b-18,multiple sclerosis || id:ieu-b-18,6925_26_SNX8,Inverse variance weighted,2,0.132210521,0.144249615,0.359383812,SNX8,0.91472166,0.038711037,7,2281045.96,1.141348572,0.860261623,1.514279527
6927_7_NDST1,ieu-b-18,multiple sclerosis || id:ieu-b-18,6927_7_NDST1,Inverse variance weighted,4,-0.013853088,0.09347109,0.882179257,NDST1,0.998431193,0.000681859,5,150555697.7,0.986242425,0.821144299,1.184534949
6947_4_ST3GAL6,ieu-b-18,multiple sclerosis || id:ieu-b-18,6947_4_ST3GAL6,Inverse variance weighted,5,0.194330977,0.101848992,0.056387281,ST3GAL6,0.632894017,0.19866901,3,98743920.8,1.214498188,0.994720937,1.482833821
6965_19_CNTNAP2,ieu-b-18,multiple sclerosis || id:ieu-b-18,6965_19_CNTNAP2,Inverse variance weighted,14,0.014934631,0.039751361,0.707139112,CNTNAP2,0.993478776,0.002841407,7,146801080.8,1.015046709,0.938964096,1.097294164
6986_17_HS3ST3B1,ieu-b-18,multiple sclerosis || id:ieu-b-18,6986_17_HS3ST3B1,Inverse variance weighted,2,-0.165545747,0.333104417,0.619204185,HS3ST3B1,0.977196122,0.010018265,17,14137900.7,0.847431095,0.441123497,1.627978255
7009_8_CD72,ieu-b-18,multiple sclerosis || id:ieu-b-18,7009_8_CD72,Inverse variance weighted,2,0.232108354,0.147285063,0.115045997,CD72,0.758928934,0.119798889,9,35440619.62,1.261256384,0.944999983,1.683352057
7015_8_LILRB5,ieu-b-18,multiple sclerosis || id:ieu-b-18,7015_8_LILRB5,Inverse variance weighted,29,-0.005289335,0.021650101,0.806990772,LILRB5,0.996607537,0.001475833,19,54244431.74,0.994724629,0.953397333,1.037843355
7049_2_ADAM23,ieu-b-18,multiple sclerosis || id:ieu-b-18,7049_2_ADAM23,Inverse variance weighted,9,-0.002050443,0.035772799,0.954291491,ADAM23,0.998431193,0.000681859,2,206577589,0.997951658,0.930377251,1.070434074
7050_5_NEGR1,ieu-b-18,multiple sclerosis || id:ieu-b-18,7050_5_NEGR1,Inverse variance weighted,2,-0.036015283,0.123710331,0.77095502,NEGR1,0.993478776,0.002841407,1,71600539.75,0.964625551,0.756927705,1.22931483
7059_14_LILRA6,ieu-b-18,multiple sclerosis || id:ieu-b-18,7059_14_LILRA6,Inverse variance weighted,31,-0.019594393,0.026781614,0.464390783,LILRA6,0.967772715,0.014226627,19,54236133.4,0.98059633,0.930450542,1.03344468
7083_74_MATN4,ieu-b-18,multiple sclerosis || id:ieu-b-18,7083_74_MATN4,Inverse variance weighted,5,-0.064458457,0.06773763,0.341304914,MATN4,0.911860098,0.040071788,20,45323554.05,0.937575063,0.821006533,1.07069428
7096_30_RMDN1,ieu-b-18,multiple sclerosis || id:ieu-b-18,7096_30_RMDN1,Inverse variance weighted,3,-0.094356552,0.118539695,0.426037157,RMDN1,0.95789563,0.018681808,8,86560570.53,0.909958257,0.721304173,1.147954025
7110_2_DNAJB11,ieu-b-18,multiple sclerosis || id:ieu-b-18,7110_2_DNAJB11,Inverse variance weighted,3,0.155427929,0.191816818,0.417771486,DNAJB11,0.947267174,0.023527512,3,186525132,1.168157743,0.802091142,1.701293582
7128_9_VWA2,ieu-b-18,multiple sclerosis || id:ieu-b-18,7128_9_VWA2,Inverse variance weighted,6,0.058359956,0.069252285,0.399387717,VWA2,0.940720759,0.026539272,10,114259285.9,1.060096515,0.925543153,1.214210941
7140_1_CELA2A,ieu-b-18,multiple sclerosis || id:ieu-b-18,7140_1_CELA2A,Inverse variance weighted,2,-0.093876657,0.200008422,0.63880982,CELA2A,0.977302673,0.009970914,1,15548316.08,0.910395046,0.615147524,1.347350202
7141_21_MGAT4B,ieu-b-18,multiple sclerosis || id:ieu-b-18,7141_21_MGAT4B,Inverse variance weighted,10,-0.03522525,0.067014267,0.599139695,MGAT4B,0.977196122,0.010018265,5,179769938,0.965387938,0.846560835,1.10089415
7145_1_ITIH3,ieu-b-18,multiple sclerosis || id:ieu-b-18,7145_1_ITIH3,Inverse variance weighted,2,-0.102370345,0.049728736,0.039534948,ITIH3,0.549483956,0.260044984,3,52814888.77,0.902695181,0.818862851,0.995109974
7156_2_FUT10,ieu-b-18,multiple sclerosis || id:ieu-b-18,7156_2_FUT10,Inverse variance weighted,2,0.052045167,0.034701518,0.133667493,FUT10,0.769556868,0.113759282,8,33399597.6,1.053423321,0.984157032,1.127564664
7161_25_H6PD,ieu-b-18,multiple sclerosis || id:ieu-b-18,7161_25_H6PD,Inverse variance weighted,18,-0.018490143,0.035043343,0.597751737,H6PD,0.977196122,0.010018265,1,9236172.242,0.981679751,0.916516604,1.051475914
7173_141_TMEM132C,ieu-b-18,multiple sclerosis || id:ieu-b-18,7173_141_TMEM132C,Inverse variance weighted,8,-0.039071177,0.056668027,0.490524517,TMEM132C,0.973425835,0.011697132,12,128429841.6,0.961682257,0.860587048,1.074653361
7179_69_NFASC,ieu-b-18,multiple sclerosis || id:ieu-b-18,7179_69_NFASC,Inverse variance weighted,9,0.024403626,0.04078243,0.549582559,NFASC,0.977196122,0.010018265,1,205002489.2,1.024703832,0.945983703,1.109974664
7206_20_FBP1,ieu-b-18,multiple sclerosis || id:ieu-b-18,7206_20_FBP1,Inverse variance weighted,2,-0.10794545,0.181259233,0.551488739,FBP1,0.977196122,0.010018265,9,94434640,0.897676563,0.629258242,1.280592224
7211_2_RNASE1,ieu-b-18,multiple sclerosis || id:ieu-b-18,7211_2_RNASE1,Inverse variance weighted,8,-0.042742584,0.058969722,0.468560907,RNASE1,0.967772715,0.014226627,14,20746669.14,0.958158004,0.853573828,1.07555636
7218_87_ATP1B2,ieu-b-18,multiple sclerosis || id:ieu-b-18,7218_87_ATP1B2,Inverse variance weighted,9,0.00030334,0.049276264,0.995088322,ATP1B2,0.998431193,0.000681859,17,7568431.707,1.000303386,0.908211374,1.101733466
7227_75_COCH,ieu-b-18,multiple sclerosis || id:ieu-b-18,7227_75_COCH,Inverse variance weighted,5,0.084593822,0.055464188,0.127209925,COCH,0.769556868,0.113759282,14,30829199.98,1.088274944,0.976172481,1.213251117
7228_2_ST6GALNAC6,ieu-b-18,multiple sclerosis || id:ieu-b-18,7228_2_ST6GALNAC6,Inverse variance weighted,3,-0.416432667,0.296943732,0.160797062,ST6GALNAC6,0.770087598,0.113459871,9,127904102.9,0.65939491,0.368452904,1.180073881
7244_16_IGFLR1,ieu-b-18,multiple sclerosis || id:ieu-b-18,7244_16_IGFLR1,Inverse variance weighted,13,-0.010950265,0.035133375,0.755286017,IGFLR1,0.993478776,0.002841407,19,35720779.14,0.989109471,0.923290204,1.059620845
7251_64_C1QTNF3,ieu-b-18,multiple sclerosis || id:ieu-b-18,7251_64_C1QTNF3,Inverse variance weighted,2,0.16367798,0.195876423,0.403369506,C1QTNF3,0.940720759,0.026539272,5,34109556.62,1.177834968,0.802326371,1.729090882
7266_4_SERPINA9,ieu-b-18,multiple sclerosis || id:ieu-b-18,7266_4_SERPINA9,Inverse variance weighted,6,0.012266463,0.06676214,0.854222271,SERPINA9,0.998431193,0.000681859,14,94408601.18,1.012342005,0.888174248,1.153868554
7628_40_CRELD1,ieu-b-18,multiple sclerosis || id:ieu-b-18,7628_40_CRELD1,Inverse variance weighted,12,0.027122491,0.036691112,0.459778591,CRELD1,0.964781306,0.01557112,3,9857011.058,1.027493654,0.956196266,1.104107228
7655_11_NPPB,ieu-b-18,multiple sclerosis || id:ieu-b-18,7655_11_NPPB,Inverse variance weighted,5,5.67E-05,0.103479371,0.999562461,NPPB,0.999562461,0.000190062,1,11786233.28,1.000056747,0.816471868,1.224920951
7757_5_HLA-DQA2,ieu-b-18,multiple sclerosis || id:ieu-b-18,7757_5_HLA-DQA2,Inverse variance weighted,10,-0.414365733,0.608707315,0.496041931,HLA-DQA2,0.973425835,0.011697132,6,32616566.13,0.660759246,0.200401571,2.178639509
7761_125_CHKB,ieu-b-18,multiple sclerosis || id:ieu-b-18,7761_125_CHKB,Inverse variance weighted,2,-0.305298874,0.20750684,0.141217742,CHKB,0.769556868,0.113759282,22,50520559.74,0.7369031,0.490655866,1.106735326
7769_29_SH3BP2,ieu-b-18,multiple sclerosis || id:ieu-b-18,7769_29_SH3BP2,Inverse variance weighted,2,0.208908498,0.066970496,0.00181213,SH3BP2,0.090764088,1.042085953,4,2646687.772,1.232332232,1.080740362,1.405187392
7779_86_CHST11,ieu-b-18,multiple sclerosis || id:ieu-b-18,7779_86_CHST11,Inverse variance weighted,11,0.00711869,0.044688447,0.873435694,CHST11,0.998431193,0.000681859,12,104504281.9,1.007144088,0.922681968,1.099337852
7784_1_KNG1,ieu-b-18,multiple sclerosis || id:ieu-b-18,7784_1_KNG1,Inverse variance weighted,6,-0.003063358,0.096154915,0.974584836,KNG1,0.998431193,0.000681859,3,186638546.5,0.996941329,0.825697338,1.203700154
7787_25_LILRA5,ieu-b-18,multiple sclerosis || id:ieu-b-18,7787_25_LILRA5,Inverse variance weighted,9,-0.058403243,0.049587875,0.238887257,LILRA5,0.86119953,0.064896216,19,54271209.77,0.943269504,0.855905352,1.039551108
7806_33_B4GALT7,ieu-b-18,multiple sclerosis || id:ieu-b-18,7806_33_B4GALT7,Inverse variance weighted,4,0.047802293,0.145180042,0.741957551,B4GALT7,0.993478776,0.002841407,5,177714656.9,1.048963247,0.789188096,1.394247961
7808_5_GLCE,ieu-b-18,multiple sclerosis || id:ieu-b-18,7808_5_GLCE,Inverse variance weighted,9,-0.052281238,0.042172155,0.21508272,GLCE,0.835617716,0.077992361,15,69337213.36,0.949061917,0.873769506,1.03084225
7810_20_C1QTNF5,ieu-b-18,multiple sclerosis || id:ieu-b-18,7810_20_C1QTNF5,Inverse variance weighted,2,0.033490051,0.137825,0.808013402,C1QTNF5,0.996607537,0.001475833,11,119368352.9,1.034057156,0.789269892,1.354763703
7841_84_ESAM,ieu-b-18,multiple sclerosis || id:ieu-b-18,7841_84_ESAM,Inverse variance weighted,6,0.016090069,0.147233718,0.912978426,ESAM,0.998431193,0.000681859,11,124715870,1.016220211,0.761482553,1.35617489
7849_3_QPCT,ieu-b-18,multiple sclerosis || id:ieu-b-18,7849_3_QPCT,Inverse variance weighted,6,0.053796182,0.063591817,0.397574632,QPCT,0.940720759,0.026539272,2,37359432.63,1.055269498,0.931607417,1.195346551
7856_51_FAM151A,ieu-b-18,multiple sclerosis || id:ieu-b-18,7856_51_FAM151A,Inverse variance weighted,6,0.044671309,0.054372615,0.411317479,FAM151A,0.943163585,0.025412975,1,54654835.48,1.045684097,0.939977805,1.163277711
7861_9_ROR2,ieu-b-18,multiple sclerosis || id:ieu-b-18,7861_9_ROR2,Inverse variance weighted,4,0.000608039,0.108948568,0.995547051,ROR2,0.998431193,0.000681859,9,91768450.87,1.000608224,0.808211778,1.238805033
7871_16_TMEM132A,ieu-b-18,multiple sclerosis || id:ieu-b-18,7871_16_TMEM132A,Inverse variance weighted,9,-0.060895217,0.082092858,0.458217859,TMEM132A,0.964143158,0.015858476,11,60847458.26,0.940921827,0.801077791,1.105178416
7875_86_PLEK,ieu-b-18,multiple sclerosis || id:ieu-b-18,7875_86_PLEK,Inverse variance weighted,4,0.471306106,0.318480395,0.138910856,PLEK,0.769556868,0.113759282,2,68462982.03,1.602085321,0.858202265,2.99076043
7891_45_UGT1A6,ieu-b-18,multiple sclerosis || id:ieu-b-18,7891_45_UGT1A6,Inverse variance weighted,4,-0.065977749,0.068785286,0.337466035,UGT1A6,0.911860098,0.040071788,2,233711363.3,0.936151694,0.818078559,1.071266305
7905_30_HP,ieu-b-18,multiple sclerosis || id:ieu-b-18,7905_30_HP,Inverse variance weighted,7,0.032837072,0.030229423,0.277363111,HP,0.889636358,0.050787476,16,72132974.58,1.033382159,0.973933165,1.096459927
7916_10_S100A7,ieu-b-18,multiple sclerosis || id:ieu-b-18,7916_10_S100A7,Inverse variance weighted,9,-0.104033695,0.042193006,0.013676029,S100A7,0.352524259,0.452810992,1,153404485.6,0.901194931,0.829666067,0.978890587
7918_114_AMY1A,ieu-b-18,multiple sclerosis || id:ieu-b-18,7918_114_AMY1A,Inverse variance weighted,5,-0.027935163,0.0722045,0.698838017,AMY1A,0.993478776,0.002841407,1,103641846.2,0.972451416,0.84412391,1.120287846
7921_65_FJX1,ieu-b-18,multiple sclerosis || id:ieu-b-18,7921_65_FJX1,Inverse variance weighted,5,-0.08123684,0.073175402,0.266927515,FJX1,0.886168581,0.052483652,11,35757062.55,0.921975305,0.798787259,1.064161268
7926_13_SPINT3,ieu-b-18,multiple sclerosis || id:ieu-b-18,7926_13_SPINT3,Inverse variance weighted,5,0.042852247,0.054481034,0.431543298,SPINT3,0.959725636,0.017852904,20,45600247.03,1.043783661,0.938070119,1.161410335
7928_183_TPST1,ieu-b-18,multiple sclerosis || id:ieu-b-18,7928_183_TPST1,Inverse variance weighted,2,-0.087671543,0.044498651,0.048814677,TPST1,0.606026629,0.217508292,7,66397026.51,0.916061714,0.839550291,0.999545915
7933_75_ADAM22,ieu-b-18,multiple sclerosis || id:ieu-b-18,7933_75_ADAM22,Inverse variance weighted,5,-0.019566612,0.054386605,0.719019923,ADAM22,0.993478776,0.002841407,7,87978100.56,0.980623572,0.881469958,1.090930645
7935_26_LARGE,ieu-b-18,multiple sclerosis || id:ieu-b-18,7935_26_LARGE,Inverse variance weighted,3,0.175712787,0.170297095,0.302165147,LARGE,0.902817555,0.044400005,22,33613358.54,1.192095624,0.853790425,1.66445059
7945_10_SEMA6A,ieu-b-18,multiple sclerosis || id:ieu-b-18,7945_10_SEMA6A,Inverse variance weighted,7,0.094369034,0.094653793,0.318768602,SEMA6A,0.902817555,0.044400005,5,116473881.9,1.098965226,0.912878577,1.322984895
7948_129_GLTPD2,ieu-b-18,multiple sclerosis || id:ieu-b-18,7948_129_GLTPD2,Inverse variance weighted,3,-0.001634739,0.082462907,0.984183825,GLTPD2,0.998431193,0.000681859,17,4787307.176,0.998366596,0.849368594,1.173502137
7955_195_ITIH1,ieu-b-18,multiple sclerosis || id:ieu-b-18,7955_195_ITIH1,Inverse variance weighted,2,0.08131267,0.059940255,0.17492043,ITIH1,0.786668124,0.104208447,3,52842719.98,1.08471,0.964476098,1.219932549
7957_2_SCG3,ieu-b-18,multiple sclerosis || id:ieu-b-18,7957_2_SCG3,Inverse variance weighted,9,0.006631687,0.044192431,0.880714231,SCG3,0.998431193,0.000681859,15,51729370.86,1.006653725,0.923129752,1.097734875
7968_15_CRTAM,ieu-b-18,multiple sclerosis || id:ieu-b-18,7968_15_CRTAM,Inverse variance weighted,9,-0.082683323,0.064203289,0.197802969,CRTAM,0.817337459,0.087598597,11,122891946.4,0.920642648,0.811783363,1.044099846
7970_315_ART3,ieu-b-18,multiple sclerosis || id:ieu-b-18,7970_315_ART3,Inverse variance weighted,8,-0.061331902,0.049633846,0.216574902,ART3,0.835617716,0.077992361,4,76012185.15,0.940511031,0.853325475,1.036604467
7980_72_B3GNT2,ieu-b-18,multiple sclerosis || id:ieu-b-18,7980_72_B3GNT2,Inverse variance weighted,3,-0.061027633,0.104001916,0.557342503,B3GNT2,0.977196122,0.010018265,2,62256124.25,0.940797243,0.767304628,1.153517676
7994_41_ERO1LB,ieu-b-18,multiple sclerosis || id:ieu-b-18,7994_41_ERO1LB,Inverse variance weighted,3,-0.066959393,0.15103345,0.657518759,ERO1LB,0.986475005,0.005913914,1,236408533.7,0.935233178,0.695596898,1.25742524
7999_23_ENTPD1,ieu-b-18,multiple sclerosis || id:ieu-b-18,7999_23_ENTPD1,Inverse variance weighted,2,0.063670438,0.304347017,0.834289439,ENTPD1,0.998431193,0.000681859,10,95764181.74,1.065741114,0.586930001,1.935161125
8005_1_MXRA7,ieu-b-18,multiple sclerosis || id:ieu-b-18,8005_1_MXRA7,Inverse variance weighted,3,0.058916015,0.055933669,0.292194657,MXRA7,0.890498002,0.05036705,17,76740243.92,1.060686156,0.950550512,1.183582678
8007_19_CTSB,ieu-b-18,multiple sclerosis || id:ieu-b-18,8007_19_CTSB,Inverse variance weighted,7,-0.01918901,0.040565823,0.636188975,CTSB,0.977302673,0.009970914,8,11773755.41,0.980993927,0.906016262,1.062176391
8014_359_MANEA,ieu-b-18,multiple sclerosis || id:ieu-b-18,8014_359_MANEA,Inverse variance weighted,8,-0.047171155,0.035745784,0.186959077,MANEA,0.788926216,0.102963612,6,95782026.05,0.953924114,0.889378041,1.02315458
8024_64_TPST2,ieu-b-18,multiple sclerosis || id:ieu-b-18,8024_64_TPST2,Inverse variance weighted,3,0.086774064,0.149171871,0.56076522,TPST2,0.977196122,0.010018265,22,26577896.76,1.090650234,0.814156392,1.461043535
8039_41_FAM177A1,ieu-b-18,multiple sclerosis || id:ieu-b-18,8039_41_FAM177A1,Inverse variance weighted,6,0.071945323,0.033485684,0.031670903,FAM177A1,0.548269042,0.261006276,14,35127810.22,1.074596587,1.006333354,1.147490362
8043_153_COMP,ieu-b-18,multiple sclerosis || id:ieu-b-18,8043_153_COMP,Inverse variance weighted,2,0.200637572,0.141950095,0.157527159,COMP,0.770087598,0.113459871,19,18705568.22,1.222181739,0.925348723,1.614232738
8097_77_LIPN,ieu-b-18,multiple sclerosis || id:ieu-b-18,8097_77_LIPN,Inverse variance weighted,11,0.003454787,0.038202591,0.927942891,LIPN,0.998431193,0.000681859,10,88815882.32,1.003460761,0.931068626,1.081481505
8099_42_SPON2,ieu-b-18,multiple sclerosis || id:ieu-b-18,8099_42_SPON2,Inverse variance weighted,3,-0.067120971,0.056542985,0.235196592,SPON2,0.86119953,0.064896216,4,1154701.956,0.935082076,0.836988271,1.044672333
8221_19_MIF,ieu-b-18,multiple sclerosis || id:ieu-b-18,8221_19_MIF,Inverse variance weighted,2,0.011579985,0.690798029,0.986625529,MIF,0.998431193,0.000681859,22,23950607.61,1.011647293,0.261222132,3.917854261
8225_86_EPHB2,ieu-b-18,multiple sclerosis || id:ieu-b-18,8225_86_EPHB2,Inverse variance weighted,3,-0.014716387,0.07430028,0.842993135,EPHB2,0.998431193,0.000681859,1,22775375.69,0.98539137,0.851849905,1.139867653
8229_1_GXYLT1,ieu-b-18,multiple sclerosis || id:ieu-b-18,8229_1_GXYLT1,Inverse variance weighted,5,0.120615764,0.063115497,0.056000408,GXYLT1,0.632894017,0.19866901,12,42085441.99,1.128191337,0.996914161,1.276755555
8233_2_ITIH5,ieu-b-18,multiple sclerosis || id:ieu-b-18,8233_2_ITIH5,Inverse variance weighted,14,-0.018038765,0.032849822,0.582917443,ITIH5,0.977196122,0.010018265,10,7572278.155,0.98212296,0.920881039,1.047437689
8244_16_FUT8,ieu-b-18,multiple sclerosis || id:ieu-b-18,8244_16_FUT8,Inverse variance weighted,12,0.010728861,0.033371149,0.747830668,FUT8,0.993478776,0.002841407,14,65610993.61,1.010786622,0.946789407,1.079109661
8245_27_ICAM5,ieu-b-18,multiple sclerosis || id:ieu-b-18,8245_27_ICAM5,Inverse variance weighted,10,0.134500518,0.03853229,0.000481951,ICAM5,0.039657684,1.401672651,19,10234272.14,1.143965251,1.060751086,1.23370743
8248_222_SIGLEC14,ieu-b-18,multiple sclerosis || id:ieu-b-18,8248_222_SIGLEC14,Inverse variance weighted,14,0.015201406,0.024096389,0.528133191,SIGLEC14,0.977196122,0.010018265,19,51597190.45,1.015317535,0.968479933,1.064420296
8250_2_PTPRJ,ieu-b-18,multiple sclerosis || id:ieu-b-18,8250_2_PTPRJ,Inverse variance weighted,3,0.672079444,0.507474278,0.185382983,PTPRJ,0.788926216,0.102963612,11,48083332.87,1.958305276,0.724285128,5.294820239
8252_2_NOTUM,ieu-b-18,multiple sclerosis || id:ieu-b-18,8252_2_NOTUM,Inverse variance weighted,2,-0.025984063,0.209263895,0.901181563,NOTUM,0.998431193,0.000681859,17,82001794.68,0.974350618,0.646526368,1.468399703
8255_34_MRVI1,ieu-b-18,multiple sclerosis || id:ieu-b-18,8255_34_MRVI1,Inverse variance weighted,2,0.061669611,0.146846087,0.674514034,MRVI1,0.992929837,0.003081439,11,10688379.07,1.063610882,0.797599475,1.418341089
8275_31_PEAR1,ieu-b-18,multiple sclerosis || id:ieu-b-18,8275_31_PEAR1,Inverse variance weighted,5,-0.038398891,0.077771379,0.621489356,PEAR1,0.977196122,0.010018265,1,156981978.7,0.962329,0.826272387,1.120789123
8288_27_APOH,ieu-b-18,multiple sclerosis || id:ieu-b-18,8288_27_APOH,Inverse variance weighted,4,-0.137200475,0.070663834,0.052186273,APOH,0.618689612,0.208527176,17,66134085.55,0.871795435,0.759039401,1.001301486
8289_8_GPNMB,ieu-b-18,multiple sclerosis || id:ieu-b-18,8289_8_GPNMB,Inverse variance weighted,3,-0.003715584,0.043598648,0.932084532,GPNMB,0.998431193,0.000681859,7,23138280.19,0.99629131,0.914691037,1.085171204
8296_117_KDELC2,ieu-b-18,multiple sclerosis || id:ieu-b-18,8296_117_KDELC2,Inverse variance weighted,3,0.1570865,0.167991029,0.349742628,KDELC2,0.91472166,0.038711037,11,108547005.9,1.170096823,0.841831069,1.626367363
8299_66_LILRA4,ieu-b-18,multiple sclerosis || id:ieu-b-18,8299_66_LILRA4,Inverse variance weighted,14,0.020857888,0.088655105,0.813999161,LILRA4,0.998431193,0.000681859,19,54362823.4,1.021076934,0.858210289,1.214851557
8304_50_TNFRSF11B,ieu-b-18,multiple sclerosis || id:ieu-b-18,8304_50_TNFRSF11B,Inverse variance weighted,6,-0.070075362,0.081840019,0.391860551,TNFRSF11B,0.940465322,0.026657214,8,118947119.9,0.932323555,0.794150889,1.094536597
8310_6_ZG16B,ieu-b-18,multiple sclerosis || id:ieu-b-18,8310_6_ZG16B,Inverse variance weighted,2,0.010499192,0.097787448,0.914497448,ZG16B,0.998431193,0.000681859,16,2783813.424,1.010554502,0.834298352,1.224047009
8327_26_DPEP2,ieu-b-18,multiple sclerosis || id:ieu-b-18,8327_26_DPEP2,Inverse variance weighted,2,0.211106638,0.086210166,0.014335524,DPEP2,0.352524259,0.452810992,16,68143491.9,1.235044051,1.04303498,1.462399476
8336_267_GRAMD1C,ieu-b-18,multiple sclerosis || id:ieu-b-18,8336_267_GRAMD1C,Inverse variance weighted,4,-0.065232824,0.109908235,0.552832666,GRAMD1C,0.977196122,0.010018265,3,114080486.6,0.936849317,0.755290403,1.162051894
8337_65_PTPRU,ieu-b-18,multiple sclerosis || id:ieu-b-18,8337_65_PTPRU,Inverse variance weighted,3,0.116579642,0.098811434,0.238072072,PTPRU,0.86119953,0.064896216,1,29261041.13,1.123646996,0.925805816,1.363766084
8345_27_GPX7,ieu-b-18,multiple sclerosis || id:ieu-b-18,8345_27_GPX7,Inverse variance weighted,6,-0.066342977,0.093160817,0.476381859,GPX7,0.973425835,0.011697132,1,52492027.68,0.935809848,0.779628169,1.123279156
8346_9_DPP7,ieu-b-18,multiple sclerosis || id:ieu-b-18,8346_9_DPP7,Inverse variance weighted,4,0.162931971,0.153515233,0.288535076,DPP7,0.890498002,0.05036705,9,136868369.7,1.17695662,0.871135379,1.590139626
8351_17_PRSS57,ieu-b-18,multiple sclerosis || id:ieu-b-18,8351_17_PRSS57,Inverse variance weighted,16,0.04756387,0.053276175,0.371975328,PRSS57,0.920337668,0.036052802,19,705889.0348,1.048713181,0.944728748,1.164142975
8356_88_OXT,ieu-b-18,multiple sclerosis || id:ieu-b-18,8356_88_OXT,Inverse variance weighted,12,-0.0616848,0.057505603,0.283417138,OXT,0.889636358,0.050787476,20,2962168.76,0.940179185,0.839964389,1.052350446
8360_169_NCR1,ieu-b-18,multiple sclerosis || id:ieu-b-18,8360_169_NCR1,Inverse variance weighted,4,-0.04776063,0.070702378,0.499347615,NCR1,0.973425835,0.011697132,19,54904631.96,0.953361966,0.829993598,1.095067529
8364_74_UST,ieu-b-18,multiple sclerosis || id:ieu-b-18,8364_74_UST,Inverse variance weighted,7,-0.175890366,0.098607685,0.074466098,UST,0.69743858,0.156494032,6,148875206.4,0.83870993,0.691313804,1.01753262
8368_102_TNFRSF1B,ieu-b-18,multiple sclerosis || id:ieu-b-18,8368_102_TNFRSF1B,Inverse variance weighted,3,-0.086092714,0.174372275,0.621497317,TNFRSF1B,0.977196122,0.010018265,1,12194761.13,0.917509161,0.651901127,1.291335489
8376_25_LHB,ieu-b-18,multiple sclerosis || id:ieu-b-18,8376_25_LHB,Inverse variance weighted,3,-0.119173541,0.086618295,0.168868934,LHB,0.773278821,0.111663884,19,49102000.74,0.887653743,0.749053103,1.051900277
8397_147_QSOX2,ieu-b-18,multiple sclerosis || id:ieu-b-18,8397_147_QSOX2,Inverse variance weighted,8,0.048523003,0.044940774,0.280271343,QSOX2,0.889636358,0.050787476,9,136177159.2,1.049719518,0.9612114,1.146377443
8398_277_RARRES1,ieu-b-18,multiple sclerosis || id:ieu-b-18,8398_277_RARRES1,Inverse variance weighted,5,-0.01524695,0.028519114,0.592911158,RARRES1,0.977196122,0.010018265,3,158861719.5,0.984868696,0.931327385,1.041488056
8402_22_CYTL1,ieu-b-18,multiple sclerosis || id:ieu-b-18,8402_22_CYTL1,Inverse variance weighted,10,0.009631963,0.050819987,0.849676658,CYTL1,0.998431193,0.000681859,4,4987407.164,1.0096785,0.913953841,1.115429059
8427_118_RSPO3,ieu-b-18,multiple sclerosis || id:ieu-b-18,8427_118_RSPO3,Inverse variance weighted,5,0.047826827,0.084711511,0.572356246,RSPO3,0.977196122,0.010018265,6,127149767.4,1.048988983,0.888511458,1.23845098
8428_102_NTM,ieu-b-18,multiple sclerosis || id:ieu-b-18,8428_102_NTM,Inverse variance weighted,20,-0.000178718,0.037892835,0.996236857,NTM,0.998431193,0.000681859,11,131536988.2,0.999821298,0.928255116,1.076905055
8464_31_RSPO4,ieu-b-18,multiple sclerosis || id:ieu-b-18,8464_31_RSPO4,Inverse variance weighted,4,-0.290742205,0.125625171,0.020647837,RSPO4,0.415369919,0.381564958,20,1022226.206,0.747708409,0.584518095,0.956459464
8465_52_CTSH,ieu-b-18,multiple sclerosis || id:ieu-b-18,8465_52_CTSH,Inverse variance weighted,12,0.03646043,0.042217743,0.387792212,CTSH,0.94043714,0.026670228,15,79001449.19,1.037133264,0.954768529,1.126603334
8468_19_KLK3,ieu-b-18,multiple sclerosis || id:ieu-b-18,8468_19_KLK3,Inverse variance weighted,2,-0.006236001,0.46770883,0.989362053,KLK3,0.998431193,0.000681859,19,50854797.97,0.993783402,0.397347007,2.485498656
8476_11_CHGA,ieu-b-18,multiple sclerosis || id:ieu-b-18,8476_11_CHGA,Inverse variance weighted,6,0.059672576,0.081227017,0.462559071,CHGA,0.967772715,0.014226627,14,92874165.66,1.061488932,0.905260639,1.24467883
8479_4_MMP10,ieu-b-18,multiple sclerosis || id:ieu-b-18,8479_4_MMP10,Inverse variance weighted,15,-0.073924382,0.043979481,0.092785556,MMP10,0.729061051,0.137236103,11,102777324.1,0.928741921,0.85203799,1.012351053
8480_29_EFEMP1,ieu-b-18,multiple sclerosis || id:ieu-b-18,8480_29_EFEMP1,Inverse variance weighted,3,-0.171953328,0.110722422,0.1204201,EFEMP1,0.769556868,0.113759282,2,55839528.4,0.842018471,0.677755094,1.046093364
8606_39_GPNMB,ieu-b-18,multiple sclerosis || id:ieu-b-18,8606_39_GPNMB,Inverse variance weighted,8,-0.130101736,0.096918772,0.179473102,GPNMB,0.787982734,0.103483299,7,23238892.36,0.878006101,0.726103633,1.061686899
8660_5_OLFML3,ieu-b-18,multiple sclerosis || id:ieu-b-18,8660_5_OLFML3,Inverse variance weighted,2,-0.15666108,0.16862902,0.352874577,OLFML3,0.91472166,0.038711037,1,113981667.4,0.854993784,0.61436015,1.189879211
8697_38_GPC1,ieu-b-18,multiple sclerosis || id:ieu-b-18,8697_38_GPC1,Inverse variance weighted,8,0.039884726,0.043696845,0.361368854,GPC1,0.91472166,0.038711037,2,240408903.8,1.040690803,0.955270158,1.133749797
8759_29_A4GALT,ieu-b-18,multiple sclerosis || id:ieu-b-18,8759_29_A4GALT,Inverse variance weighted,8,-0.066341153,0.04977964,0.182631415,A4GALT,0.787982734,0.103483299,22,42756043.17,0.935811555,0.848819051,1.031719617
8766_29_LILRA5,ieu-b-18,multiple sclerosis || id:ieu-b-18,8766_29_LILRA5,Inverse variance weighted,11,-0.046618731,0.035928632,0.194446474,LILRA5,0.814553956,0.089080143,19,54255868.68,0.954451231,0.889550633,1.024086902
8773_172_EMILIN3,ieu-b-18,multiple sclerosis || id:ieu-b-18,8773_172_EMILIN3,Inverse variance weighted,5,0.038989117,0.085053676,0.646660769,EMILIN3,0.981493025,0.008112782,20,41260569.96,1.039759168,0.880103215,1.228377659
8778_3_NOG,ieu-b-18,multiple sclerosis || id:ieu-b-18,8778_3_NOG,Inverse variance weighted,4,-0.120137003,0.132093548,0.363094562,NOG,0.91472166,0.038711037,17,56650463.49,0.886798934,0.684517987,1.14885564
8794_13_DPEP1,ieu-b-18,multiple sclerosis || id:ieu-b-18,8794_13_DPEP1,Inverse variance weighted,7,-0.047061998,0.065198761,0.470402995,DPEP1,0.967772715,0.014226627,16,89628145.5,0.954028247,0.83958163,1.084075525
8814_33_PSAPL1,ieu-b-18,multiple sclerosis || id:ieu-b-18,8814_33_PSAPL1,Inverse variance weighted,14,0.031708489,0.044915865,0.480217376,PSAPL1,0.973425835,0.011697132,4,7512372.813,1.032216559,0.945230368,1.12720778
8840_61_C1S,ieu-b-18,multiple sclerosis || id:ieu-b-18,8840_61_C1S,Inverse variance weighted,5,0.010142023,0.040616309,0.802816869,C1S,0.995527484,0.001946746,12,7086128.88,1.010193628,0.932891904,1.093900763
8841_65_CILP2,ieu-b-18,multiple sclerosis || id:ieu-b-18,8841_65_CILP2,Inverse variance weighted,2,0.356240008,0.162176657,0.028047808,CILP2,0.521146372,0.283040281,19,19502114.59,1.427950227,1.039119542,1.962278417
8842_16_GRAMD1C,ieu-b-18,multiple sclerosis || id:ieu-b-18,8842_16_GRAMD1C,Inverse variance weighted,7,-0.02697353,0.060717738,0.656865716,GRAMD1C,0.986475005,0.005913914,3,113934557.6,0.973387006,0.864174729,1.096401263
8859_51_CA11,ieu-b-18,multiple sclerosis || id:ieu-b-18,8859_51_CA11,Inverse variance weighted,2,-0.087653866,0.134795829,0.51551696,CA11,0.977196122,0.010018265,19,48732902.33,0.916077908,0.703383027,1.193089258
8866_53_QPCTL,ieu-b-18,multiple sclerosis || id:ieu-b-18,8866_53_QPCTL,Inverse variance weighted,7,-0.037162584,0.054142884,0.492473612,QPCTL,0.973425835,0.011697132,19,45734495.83,0.963519469,0.866509126,1.071390641
8885_6_CACNA2D3,ieu-b-18,multiple sclerosis || id:ieu-b-18,8885_6_CACNA2D3,Inverse variance weighted,14,-0.061801701,0.071801589,0.389387391,CACNA2D3,0.94043714,0.026670228,3,54492480.13,0.940069283,0.816659683,1.082127937
8890_9_TMEM132B,ieu-b-18,multiple sclerosis || id:ieu-b-18,8890_9_TMEM132B,Inverse variance weighted,2,0.107898584,0.171207522,0.52854997,TMEM132B,0.977196122,0.010018265,12,125484024.8,1.113934769,0.79638849,1.55809719
8900_28_NEO1,ieu-b-18,multiple sclerosis || id:ieu-b-18,8900_28_NEO1,Inverse variance weighted,2,0.053876559,0.085700121,0.529569221,NEO1,0.977196122,0.010018265,15,73004732.3,1.05535432,0.89217259,1.248382604
8909_77_GNPDA1,ieu-b-18,multiple sclerosis || id:ieu-b-18,8909_77_GNPDA1,Inverse variance weighted,2,0.088817943,0.130871001,0.497348331,GNPDA1,0.973425835,0.011697132,5,142088184.8,1.092881671,0.845616596,1.412449037
8923_94_GALNT16,ieu-b-18,multiple sclerosis || id:ieu-b-18,8923_94_GALNT16,Inverse variance weighted,6,0.059180426,0.149518475,0.692247574,GALNT16,0.993478776,0.002841407,14,69222730.04,1.06096665,0.791460121,1.422245041
8925_25_RRM2B,ieu-b-18,multiple sclerosis || id:ieu-b-18,8925_25_RRM2B,Inverse variance weighted,2,0.032904229,0.097157929,0.73486026,RRM2B,0.993478776,0.002841407,8,102254494.8,1.03345156,0.85425519,1.250237796
8956_96_SCARF2,ieu-b-18,multiple sclerosis || id:ieu-b-18,8956_96_SCARF2,Inverse variance weighted,2,-0.034760849,0.125381669,0.781595614,SCARF2,0.993478776,0.002841407,22,20433900.09,0.96583637,0.755399206,1.234896576
8958_51_CHL1,ieu-b-18,multiple sclerosis || id:ieu-b-18,8958_51_CHL1,Inverse variance weighted,8,0.052429042,0.070041249,0.454131364,CHL1,0.964143158,0.015858476,3,295197.5437,1.053827782,0.918648412,1.208898833
8960_3_ERAP2,ieu-b-18,multiple sclerosis || id:ieu-b-18,8960_3_ERAP2,Inverse variance weighted,14,-0.035596591,0.019553086,0.068681349,ERAP2,0.670509189,0.173595266,5,96848033.19,0.965029516,0.928745397,1.002731179
8973_23_FCRL4,ieu-b-18,multiple sclerosis || id:ieu-b-18,8973_23_FCRL4,Inverse variance weighted,13,-0.08970487,0.041084784,0.029005733,FCRL4,0.523526278,0.281061514,1,157559632.4,0.914200954,0.843469914,0.990863302
8974_172_COL15A1,ieu-b-18,multiple sclerosis || id:ieu-b-18,8974_172_COL15A1,Inverse variance weighted,4,0.008772786,0.08830614,0.920864235,COL15A1,0.998431193,0.000681859,9,98971688.79,1.00881138,0.848481287,1.199437649
8983_7_GOLM1,ieu-b-18,multiple sclerosis || id:ieu-b-18,8983_7_GOLM1,Inverse variance weighted,2,0.063966465,0.132238728,0.628584878,GOLM1,0.977196122,0.010018265,9,86181912.59,1.066056648,0.822652468,1.381478597
8989_40_SCUBE1,ieu-b-18,multiple sclerosis || id:ieu-b-18,8989_40_SCUBE1,Inverse variance weighted,5,-0.160216176,0.090132285,0.075474995,SCUBE1,0.698584534,0.155781033,22,43284184.09,0.851959595,0.713997759,1.016579034
8992_1_TMEM2,ieu-b-18,multiple sclerosis || id:ieu-b-18,8992_1_TMEM2,Inverse variance weighted,3,0.12341348,0.099481536,0.214765862,TMEM2,0.835617716,0.077992361,9,71686101.89,1.131352116,0.930930803,1.374922396
9002_36_SERPINA11,ieu-b-18,multiple sclerosis || id:ieu-b-18,9002_36_SERPINA11,Inverse variance weighted,11,-0.030100246,0.067743387,0.656805857,SERPINA11,0.986475005,0.005913914,14,94448087.35,0.970348255,0.849695453,1.108133193
9005_16_PLXNA1,ieu-b-18,multiple sclerosis || id:ieu-b-18,9005_16_PLXNA1,Inverse variance weighted,2,-0.027910361,0.066300719,0.673779774,PLXNA1,0.992929837,0.003081439,3,126889849.8,0.972475535,0.853969525,1.107426715
9017_58_LCT,ieu-b-18,multiple sclerosis || id:ieu-b-18,9017_58_LCT,Inverse variance weighted,5,-0.048454025,0.048437155,0.317141985,LCT,0.902817555,0.044400005,2,136029046.4,0.952701139,0.866415366,1.047580059
9018_38_PCDH10,ieu-b-18,multiple sclerosis || id:ieu-b-18,9018_38_PCDH10,Inverse variance weighted,2,-0.167589832,0.092437396,0.069830432,PCDH10,0.670509189,0.173595266,4,133441971.1,0.845700643,0.705557415,1.013680194
9021_1_HAVCR1,ieu-b-18,multiple sclerosis || id:ieu-b-18,9021_1_HAVCR1,Inverse variance weighted,5,0.014804072,0.044906007,0.741650855,HAVCR1,0.993478776,0.002841407,5,157059484.1,1.014914195,0.929404053,1.108291728
9076_25_PENK,ieu-b-18,multiple sclerosis || id:ieu-b-18,9076_25_PENK,Inverse variance weighted,9,0.030659998,0.030227691,0.31043882,PENK,0.902817555,0.044400005,8,56472010.9,1.031134857,0.971818445,1.094071735
9077_10_MAN1A2,ieu-b-18,multiple sclerosis || id:ieu-b-18,9077_10_MAN1A2,Inverse variance weighted,6,0.106837037,0.077901587,0.170239093,MAN1A2,0.775159822,0.110608746,1,117314317.3,1.112752903,0.95518516,1.296313085
9092_33_ANGPTL1,ieu-b-18,multiple sclerosis || id:ieu-b-18,9092_33_ANGPTL1,Inverse variance weighted,2,0.256912734,0.191410261,0.17952797,ANGPTL1,0.787982734,0.103483299,1,178765810.3,1.292932293,0.888472682,1.881514141
9094_5_CLEC4C,ieu-b-18,multiple sclerosis || id:ieu-b-18,9094_5_CLEC4C,Inverse variance weighted,11,0.039101834,0.026719096,0.143346612,CLEC4C,0.769556868,0.113759282,12,7746047.966,1.039876373,0.986820032,1.095785286
9126_171_NT5DC3,ieu-b-18,multiple sclerosis || id:ieu-b-18,9126_171_NT5DC3,Inverse variance weighted,2,0.165610884,0.093420737,0.076271433,NT5DC3,0.698584534,0.155781033,12,103810687.2,1.180113812,0.982658367,1.417245968
9172_69_MMP8,ieu-b-18,multiple sclerosis || id:ieu-b-18,9172_69_MMP8,Inverse variance weighted,3,0.052817784,0.095655953,0.58083592,MMP8,0.977196122,0.010018265,11,102659151.8,1.054237529,0.874006135,1.271634973
9175_48_DSCAM,ieu-b-18,multiple sclerosis || id:ieu-b-18,9175_48_DSCAM,Inverse variance weighted,3,-0.020816999,0.179018948,0.907427644,DSCAM,0.998431193,0.000681859,21,40623382.21,0.979398179,0.689565123,1.391051782
9177_6_FAM3B,ieu-b-18,multiple sclerosis || id:ieu-b-18,9177_6_FAM3B,Inverse variance weighted,16,0.020523356,0.029640236,0.488676505,FAM3B,0.973425835,0.011697132,21,41276485.23,1.020735408,0.963125545,1.081791235
9183_7_IFNAR1,ieu-b-18,multiple sclerosis || id:ieu-b-18,9183_7_IFNAR1,Inverse variance weighted,16,-0.00658309,0.043165513,0.878786213,IFNAR1,0.998431193,0.000681859,21,33357392.82,0.993438531,0.91284654,1.081145704
9185_15_TFF1,ieu-b-18,multiple sclerosis || id:ieu-b-18,9185_15_TFF1,Inverse variance weighted,4,-0.089290651,0.05121558,0.081258965,TFF1,0.698584534,0.155781033,21,42366085.68,0.914579711,0.827229439,1.011153628
9191_8_TFF2,ieu-b-18,multiple sclerosis || id:ieu-b-18,9191_8_TFF2,Inverse variance weighted,2,0.147014709,0.336770081,0.66244262,TFF2,0.987236609,0.005578749,21,42366019.55,1.158371001,0.598664074,2.241362785
9211_19_SERPINF1,ieu-b-18,multiple sclerosis || id:ieu-b-18,9211_19_SERPINF1,Inverse variance weighted,5,0.029617811,0.08449823,0.725953,SERPINF1,0.993478776,0.002841407,17,1771964.199,1.030060781,0.87284375,1.215595817
9213_24_FTCD,ieu-b-18,multiple sclerosis || id:ieu-b-18,9213_24_FTCD,Inverse variance weighted,6,-0.249957761,0.162117615,0.123114971,FTCD,0.769556868,0.113759282,21,46125618.75,0.778833679,0.566822947,1.070143513
9216_100_PLXNB2,ieu-b-18,multiple sclerosis || id:ieu-b-18,9216_100_PLXNB2,Inverse variance weighted,10,0.137025414,0.129833284,0.291244655,PLXNB2,0.890498002,0.05036705,22,50320764.8,1.146857295,0.889186906,1.479195933
9231_23_IMPAD1,ieu-b-18,multiple sclerosis || id:ieu-b-18,9231_23_IMPAD1,Inverse variance weighted,3,-0.103197758,0.125782942,0.411963503,IMPAD1,0.943163585,0.025412975,8,56958711.61,0.901948588,0.704876743,1.154118452
9234_8_TWSG1,ieu-b-18,multiple sclerosis || id:ieu-b-18,9234_8_TWSG1,Inverse variance weighted,3,-0.004569332,0.130828959,0.972138752,TWSG1,0.998431193,0.000681859,18,9242953.007,0.995441092,0.77028547,1.286410046
9244_27_PPT1,ieu-b-18,multiple sclerosis || id:ieu-b-18,9244_27_PPT1,Inverse variance weighted,3,0.050647708,0.075617523,0.502992954,PPT1,0.975501488,0.010772064,1,40139593.45,1.051952234,0.907045525,1.220008777
9251_28_MAN2B2,ieu-b-18,multiple sclerosis || id:ieu-b-18,9251_28_MAN2B2,Inverse variance weighted,23,0.058131333,0.044040625,0.1868524,MAN2B2,0.788926216,0.102963612,4,6604362.36,1.05985418,0.97220529,1.155405031
9253_52_ABO,ieu-b-18,multiple sclerosis || id:ieu-b-18,9253_52_ABO,Inverse variance weighted,23,-0.083487043,0.027617283,0.002502823,ABO,0.110894316,0.955090714,9,133324639.8,0.919903006,0.871432459,0.971069566
9256_78_NPTX1,ieu-b-18,multiple sclerosis || id:ieu-b-18,9256_78_NPTX1,Inverse variance weighted,7,-0.110909177,0.064710456,0.086541625,NPTX1,0.729061051,0.137236103,17,80539184.21,0.895020034,0.788406334,1.016050768
9264_11_CTSO,ieu-b-18,multiple sclerosis || id:ieu-b-18,9264_11_CTSO,Inverse variance weighted,3,-0.182550166,0.091712928,0.046541185,CTSO,0.606026629,0.217508292,4,156025717.5,0.833142848,0.696068291,0.99721107
9266_1_TREM1,ieu-b-18,multiple sclerosis || id:ieu-b-18,9266_1_TREM1,Inverse variance weighted,11,0.028727185,0.069092905,0.677573779,TREM1,0.993478776,0.002841407,6,41257207.13,1.029143791,0.898799847,1.178390212
9267_2_CPA4,ieu-b-18,multiple sclerosis || id:ieu-b-18,9267_2_CPA4,Inverse variance weighted,7,0.012652843,0.02231897,0.570775469,CPA4,0.977196122,0.010018265,7,130263243.8,1.012733229,0.969386057,1.058018718
9275_2_SIGLEC5,ieu-b-18,multiple sclerosis || id:ieu-b-18,9275_2_SIGLEC5,Inverse variance weighted,17,0.008232832,0.023162487,0.722261348,SIGLEC5,0.993478776,0.002841407,19,51587548.32,1.008266815,0.963516523,1.055095524
9278_9_CXCL12,ieu-b-18,multiple sclerosis || id:ieu-b-18,9278_9_CXCL12,Inverse variance weighted,3,0.144587036,0.274943214,0.598971842,CXCL12,0.977196122,0.010018265,10,44372847.44,1.155562266,0.674150659,1.980750347
9282_12_CRISP2,ieu-b-18,multiple sclerosis || id:ieu-b-18,9282_12_CRISP2,Inverse variance weighted,5,-0.018427334,0.034092594,0.588846466,CRISP2,0.977196122,0.010018265,6,49681120.79,0.981741411,0.91828377,1.049584269
9288_7_FKBP7,ieu-b-18,multiple sclerosis || id:ieu-b-18,9288_7_FKBP7,Inverse variance weighted,3,-0.01538335,0.063031367,0.807185404,FKBP7,0.996607537,0.001475833,2,178474707.4,0.984734369,0.870293446,1.114223924
9294_45_MFAP2,ieu-b-18,multiple sclerosis || id:ieu-b-18,9294_45_MFAP2,Inverse variance weighted,4,-0.0071903,0.080011957,0.928394238,MFAP2,0.998431193,0.000681859,1,16885577.61,0.992835488,0.848730364,1.161408084
9297_12_B3GNT8,ieu-b-18,multiple sclerosis || id:ieu-b-18,9297_12_B3GNT8,Inverse variance weighted,11,-0.013081573,0.026711516,0.624321203,B3GNT8,0.977196122,0.010018265,19,41415252.55,0.987003619,0.936658855,1.040054378
9313_27_CBLN1,ieu-b-18,multiple sclerosis || id:ieu-b-18,9313_27_CBLN1,Inverse variance weighted,8,-0.013004206,0.097026451,0.893380886,CBLN1,0.998431193,0.000681859,16,49537177.27,0.987079984,0.816134548,1.193831208
9314_9_PSG5,ieu-b-18,multiple sclerosis || id:ieu-b-18,9314_9_PSG5,Inverse variance weighted,7,-0.061596231,0.039462702,0.118553923,PSG5,0.762983909,0.117484621,19,43229250.75,0.940262459,0.870277523,1.015875359
9316_67_WFDC1,ieu-b-18,multiple sclerosis || id:ieu-b-18,9316_67_WFDC1,Inverse variance weighted,20,-0.014405855,0.037982659,0.704484013,WFDC1,0.993478776,0.002841407,16,84276534.24,0.985697413,0.914981103,1.061879187
9321_400_NMB,ieu-b-18,multiple sclerosis || id:ieu-b-18,9321_400_NMB,Inverse variance weighted,3,-0.011002744,0.106008501,0.917335091,NMB,0.998431193,0.000681859,15,84954912.75,0.989057565,0.803498945,1.217468762
9326_33_ITIH2,ieu-b-18,multiple sclerosis || id:ieu-b-18,9326_33_ITIH2,Inverse variance weighted,10,-0.036862406,0.034519411,0.285577021,ITIH2,0.890498002,0.05036705,10,7778473.566,0.96380874,0.900756376,1.031274729
9335_28_PSG9,ieu-b-18,multiple sclerosis || id:ieu-b-18,9335_28_PSG9,Inverse variance weighted,4,-0.004863823,0.107501735,0.963912719,PSG9,0.998431193,0.000681859,19,43269922.11,0.995147987,0.80608408,1.228556102
9337_43_TAC1,ieu-b-18,multiple sclerosis || id:ieu-b-18,9337_43_TAC1,Inverse variance weighted,5,-0.008686284,0.096065255,0.927952938,TAC1,0.998431193,0.000681859,7,97560226.37,0.991351333,0.821211833,1.196740506
9341_1_PDGFD,ieu-b-18,multiple sclerosis || id:ieu-b-18,9341_1_PDGFD,Inverse variance weighted,9,0.005369778,0.046774801,0.908603122,PDGFD,0.998431193,0.000681859,11,104051675.6,1.005384221,0.917310893,1.101913691
9348_1_C1RL,ieu-b-18,multiple sclerosis || id:ieu-b-18,9348_1_C1RL,Inverse variance weighted,8,0.034146004,0.06125702,0.577239205,C1RL,0.977196122,0.010018265,12,7032501.488,1.034735672,0.917669702,1.166735599
9350_3_FSTL4,ieu-b-18,multiple sclerosis || id:ieu-b-18,9350_3_FSTL4,Inverse variance weighted,3,-0.190155947,0.25112755,0.448924884,FSTL4,0.964143158,0.015858476,5,133373395.5,0.826830183,0.505419782,1.352634336
9357_4_CREG1,ieu-b-18,multiple sclerosis || id:ieu-b-18,9357_4_CREG1,Inverse variance weighted,2,0.156549506,0.096228432,0.103768339,CREG1,0.729061051,0.137236103,1,167613182.3,1.169468656,0.968450196,1.412211947
9359_9_DLK2,ieu-b-18,multiple sclerosis || id:ieu-b-18,9359_9_DLK2,Inverse variance weighted,2,0.104879415,0.097685459,0.282982231,DLK2,0.889636358,0.050787476,6,43409052.02,1.110576683,0.917058436,1.344931273
9360_33_EDIL3,ieu-b-18,multiple sclerosis || id:ieu-b-18,9360_33_EDIL3,Inverse variance weighted,3,0.260616039,0.181413731,0.150836269,EDIL3,0.770087598,0.113459871,5,84103631.11,1.297729293,0.909413973,1.851853356
9369_174_LRRC4C,ieu-b-18,multiple sclerosis || id:ieu-b-18,9369_174_LRRC4C,Inverse variance weighted,5,-0.006639952,0.158428785,0.966569432,LRRC4C,0.998431193,0.000681859,11,40517489.56,0.993382044,0.728213962,1.355107067
9370_69_GGH,ieu-b-18,multiple sclerosis || id:ieu-b-18,9370_69_GGH,Inverse variance weighted,8,-0.006865178,0.039106726,0.860647643,GGH,0.998431193,0.000681859,8,63111404.89,0.993158334,0.919877876,1.07227655
9385_4_GAA,ieu-b-18,multiple sclerosis || id:ieu-b-18,9385_4_GAA,Inverse variance weighted,12,-0.004643424,0.048160733,0.923190869,GAA,0.998431193,0.000681859,17,80141426.54,0.99536734,0.905707873,1.093902539
9394_19_CPQ,ieu-b-18,multiple sclerosis || id:ieu-b-18,9394_19_CPQ,Inverse variance weighted,9,-0.006210561,0.057485818,0.913966819,CPQ,0.998431193,0.000681859,8,96824068.37,0.993808685,0.88791189,1.112335259
9409_11_TPSAB1,ieu-b-18,multiple sclerosis || id:ieu-b-18,9409_11_TPSAB1,Inverse variance weighted,16,0.016693718,0.042592997,0.695105696,TPSAB1,0.993478776,0.002841407,16,1166798.034,1.016833837,0.935392963,1.105365437
9416_77_CPM,ieu-b-18,multiple sclerosis || id:ieu-b-18,9416_77_CPM,Inverse variance weighted,4,-0.290990227,0.139310942,0.036727326,CPM,0.54947895,0.260048941,12,68989675.09,0.747522983,0.568906221,0.982219196
9449_150_C4BPA,ieu-b-18,multiple sclerosis || id:ieu-b-18,9449_150_C4BPA,Inverse variance weighted,4,0.034044743,0.048984799,0.487051374,C4BPA,0.973425835,0.011697132,1,207040626,1.034630898,0.939915347,1.138890963
9459_7_FAS,ieu-b-18,multiple sclerosis || id:ieu-b-18,9459_7_FAS,Inverse variance weighted,5,0.119901103,0.060822739,0.048687245,FAS,0.606026629,0.217508292,10,88967163.27,1.127385351,1.000688772,1.270122906
9468_8_LMAN2,ieu-b-18,multiple sclerosis || id:ieu-b-18,9468_8_LMAN2,Inverse variance weighted,2,0.916413748,0.161236638,1.32E-08,LMAN2,7.59E-06,5.119515323,5,177333738.6,2.50030756,1.822829453,3.429579153
9470_15_METTL24,ieu-b-18,multiple sclerosis || id:ieu-b-18,9470_15_METTL24,Inverse variance weighted,3,-0.140634738,0.132989215,0.29028811,METTL24,0.890498002,0.05036705,6,110379249.4,0.868806596,0.669453481,1.127524052
9482_110_NUDT9,ieu-b-18,multiple sclerosis || id:ieu-b-18,9482_110_NUDT9,Inverse variance weighted,2,0.008557583,0.183901904,0.962885106,NUDT9,0.998431193,0.000681859,4,87413819.41,1.008594303,0.703357383,1.446295289
9484_75_DSG2,ieu-b-18,multiple sclerosis || id:ieu-b-18,9484_75_DSG2,Inverse variance weighted,4,-0.076147244,0.081347263,0.349233911,DSG2,0.91472166,0.038711037,18,31623319.97,0.926679749,0.790106226,1.086860638
9525_1_PTK7,ieu-b-18,multiple sclerosis || id:ieu-b-18,9525_1_PTK7,Inverse variance weighted,2,0.012357202,0.16248984,0.939380057,PTK7,0.998431193,0.000681859,6,43174646.01,1.012433867,0.736296135,1.392133257
9545_156_GZMK,ieu-b-18,multiple sclerosis || id:ieu-b-18,9545_156_GZMK,Inverse variance weighted,2,0.10938577,0.118201999,0.354750667,GZMK,0.91472166,0.038711037,5,55118145.77,1.115592629,0.884891581,1.40644
9557_5_MANSC1,ieu-b-18,multiple sclerosis || id:ieu-b-18,9557_5_MANSC1,Inverse variance weighted,3,0.110687127,0.064837667,0.087795597,MANSC1,0.729061051,0.137236103,12,12389566.42,1.117045359,0.983738961,1.268416098
9574_11_BIN1,ieu-b-18,multiple sclerosis || id:ieu-b-18,9574_11_BIN1,Inverse variance weighted,2,0.035942494,0.127309925,0.77769601,BIN1,0.993478776,0.002841407,2,127089744.2,1.036596234,0.807683538,1.330387091
9578_263_MANSC4,ieu-b-18,multiple sclerosis || id:ieu-b-18,9578_263_MANSC4,Inverse variance weighted,11,-0.049072414,0.041793708,0.240331767,MANSC4,0.86249905,0.064241374,12,27795807.05,0.952112181,0.877228229,1.033388546
9580_5_LAMC2,ieu-b-18,multiple sclerosis || id:ieu-b-18,9580_5_LAMC2,Inverse variance weighted,5,0.028983406,0.04405384,0.51059678,LAMC2,0.977196122,0.010018265,1,183269930.3,1.029407512,0.944252075,1.122242518
9595_11_B4GALT2,ieu-b-18,multiple sclerosis || id:ieu-b-18,9595_11_B4GALT2,Inverse variance weighted,2,0.055074792,0.069523295,0.428257175,B4GALT2,0.95789563,0.018681808,1,43960858.56,1.056619638,0.922017692,1.210871623
9713_67_PDGFRL,ieu-b-18,multiple sclerosis || id:ieu-b-18,9713_67_PDGFRL,Inverse variance weighted,11,0.037208758,0.057418906,0.516970228,PDGFRL,0.977196122,0.010018265,8,17643562.02,1.037909671,0.92743525,1.161543605
9715_15_IGSF3,ieu-b-18,multiple sclerosis || id:ieu-b-18,9715_15_IGSF3,Inverse variance weighted,2,-0.067720728,0.19549997,0.7290439,IGSF3,0.993478776,0.002841407,1,116564169.2,0.934521423,0.637054118,1.370888697
9748_31_GSTM3,ieu-b-18,multiple sclerosis || id:ieu-b-18,9748_31_GSTM3,Inverse variance weighted,17,0.016594367,0.03750972,0.658198492,GSTM3,0.986475005,0.005913914,1,109777332.5,1.016732818,0.944665215,1.09429839
9754_33_NQO2,ieu-b-18,multiple sclerosis || id:ieu-b-18,9754_33_NQO2,Inverse variance weighted,20,-0.016703677,0.030076294,0.578636933,NQO2,0.977196122,0.010018265,6,3013738.592,0.983435056,0.92713767,1.043150915
9769_48_DNER,ieu-b-18,multiple sclerosis || id:ieu-b-18,9769_48_DNER,Inverse variance weighted,6,0.022402989,0.063561284,0.724491207,DNER,0.993478776,0.002841407,2,229608610.7,1.02265582,0.902869614,1.158334393
9772_153_NLGN2,ieu-b-18,multiple sclerosis || id:ieu-b-18,9772_153_NLGN2,Inverse variance weighted,2,-0.17038914,0.126020487,0.176351349,NLGN2,0.786668124,0.104208447,17,7341275.296,0.843336577,0.658764416,1.079622038
9790_28_BRSK2,ieu-b-18,multiple sclerosis || id:ieu-b-18,9790_28_BRSK2,Inverse variance weighted,2,0.228645852,0.116690396,0.050063263,BRSK2,0.607082941,0.216751971,11,1230223.408,1.256896833,0.999932678,1.57989601
9793_145_IGDCC4,ieu-b-18,multiple sclerosis || id:ieu-b-18,9793_145_IGDCC4,Inverse variance weighted,5,-0.122091337,0.146882031,0.405849147,IGDCC4,0.940720759,0.026539272,15,65318778.87,0.885067525,0.663663444,1.180333994
9796_4_CEL,ieu-b-18,multiple sclerosis || id:ieu-b-18,9796_4_CEL,Inverse variance weighted,9,0.002892491,0.064462536,0.964210226,CEL,0.998431193,0.000681859,9,133044095.4,1.002896678,0.883862228,1.137962134
9816_37_ISOC1,ieu-b-18,multiple sclerosis || id:ieu-b-18,9816_37_ISOC1,Inverse variance weighted,2,-0.00949676,0.149194396,0.949246054,ISOC1,0.998431193,0.000681859,5,129183467.4,0.990548192,0.739398858,1.327004646
9826_135_FHIT,ieu-b-18,multiple sclerosis || id:ieu-b-18,9826_135_FHIT,Inverse variance weighted,4,-0.05188696,0.138935671,0.708805875,FHIT,0.993478776,0.002841407,3,60768590.95,0.949436185,0.723104974,1.246608863
9829_91_SULT2A1,ieu-b-18,multiple sclerosis || id:ieu-b-18,9829_91_SULT2A1,Inverse variance weighted,2,-0.004781198,0.104910856,0.963649866,SULT2A1,0.998431193,0.000681859,19,47883390.44,0.995230214,0.81025483,1.222434155
9837_60_NQO1,ieu-b-18,multiple sclerosis || id:ieu-b-18,9837_60_NQO1,Inverse variance weighted,3,0.021537626,0.028137628,0.444010423,NQO1,0.964143158,0.015858476,16,69685606.95,1.021771235,0.966946486,1.079704484
9839_148_TIRAP,ieu-b-18,multiple sclerosis || id:ieu-b-18,9839_148_TIRAP,Inverse variance weighted,4,-0.023205817,0.079423358,0.770149959,TIRAP,0.993478776,0.002841407,11,126300939.4,0.977061367,0.836209918,1.141637876
9867_23_FBP2,ieu-b-18,multiple sclerosis || id:ieu-b-18,9867_23_FBP2,Inverse variance weighted,2,-0.011271294,0.110860512,0.919017859,FBP2,0.998431193,0.000681859,9,94582067.85,0.988791989,0.795680228,1.228772017
9870_17_WARS,ieu-b-18,multiple sclerosis || id:ieu-b-18,9870_17_WARS,Inverse variance weighted,3,0.256252325,0.070639088,0.000286037,WARS,0.03661275,1.436367652,14,100521144.8,1.29207871,1.125018762,1.483946268
9883_29_GLO1,ieu-b-18,multiple sclerosis || id:ieu-b-18,9883_29_GLO1,Inverse variance weighted,2,0.195264759,0.259221882,0.451286078,GLO1,0.964143158,0.015858476,6,38649493.96,1.215632794,0.731388769,2.020489175
9884_8_PPIL1,ieu-b-18,multiple sclerosis || id:ieu-b-18,9884_8_PPIL1,Inverse variance weighted,9,-0.011929646,0.040901554,0.770541007,PPIL1,0.993478776,0.002841407,6,36790795.01,0.98814123,0.912016961,1.070619443
9901_28_EGLN1,ieu-b-18,multiple sclerosis || id:ieu-b-18,9901_28_EGLN1,Inverse variance weighted,9,0.037579141,0.081622219,0.645226749,EGLN1,0.981493025,0.008112782,1,231453593.9,1.038294165,0.884794019,1.218424572
9906_21_SPOCK3,ieu-b-18,multiple sclerosis || id:ieu-b-18,9906_21_SPOCK3,Inverse variance weighted,8,-0.070106723,0.062481466,0.261845298,SPOCK3,0.886168581,0.052483652,4,167095383.2,0.932294317,0.824836251,1.053751811
9916_146_LRRC4B,ieu-b-18,multiple sclerosis || id:ieu-b-18,9916_146_LRRC4B,Inverse variance weighted,2,0.108852181,0.27115945,0.68810182,LRRC4B,0.993478776,0.002841407,19,50563680.86,1.11499752,0.655327387,1.897096772
9931_20_KRT1,ieu-b-18,multiple sclerosis || id:ieu-b-18,9931_20_KRT1,Inverse variance weighted,2,0.017655003,0.202766834,0.9306155,KRT1,0.998431193,0.000681859,12,52625662.96,1.017811774,0.68402009,1.514488861
9940_35_DUSP28,ieu-b-18,multiple sclerosis || id:ieu-b-18,9940_35_DUSP28,Inverse variance weighted,3,-0.092604502,0.214796975,0.666376957,DUSP28,0.991777786,0.003585623,2,240638899,0.911553947,0.598333748,1.388740984
9950_229_LAG3,ieu-b-18,multiple sclerosis || id:ieu-b-18,9950_229_LAG3,Inverse variance weighted,2,0.183021702,0.128902345,0.155652016,LAG3,0.770087598,0.113459871,12,6851378.901,1.200840468,0.932741766,1.545998991
